Oviedo,Queue,RD,Newton,BFGS
4.40982914294171e-6,4.40982914294171e-6,4.409828184275828e-6,4.410797436665539e-6,1.455139848084601e-8
4.408860700414432e-6,4.408860712561862e-6,4.40934354366317e-6,1.4551399286968716e-8,6.207306430232841e-11
4.407891940038288e-6,4.4078919394522735e-6,4.409020557420242e-6,2.448871346944799e-13,
4.406923036433725e-6,4.406923029138817e-6,4.408743425455559e-6,,
4.4059538497494815e-6,4.405953871797069e-6,4.408499862487146e-6,,
4.404984440949598e-6,4.404984468147111e-6,4.408277553546409e-6,,
4.404014936557274e-6,4.404014929046416e-6,4.408072815852616e-6,,
4.4030450677765e-6,4.403045048706238e-6,4.4078811082534325e-6,,
4.402075054224074e-6,4.402182822575808e-6,4.407700706796549e-6,,
4.4011047988402354e-6,4.401489583724467e-6,4.407529347609289e-6,,
4.400134273528026e-6,4.400918851738691e-6,4.407365759520347e-6,,
4.399163652629401e-6,4.4004342604797514e-6,4.407209090756669e-6,,
4.398192667729611e-6,4.400006669704191e-6,4.407058568317108e-6,,
4.397221536536502e-6,4.399613022761161e-6,4.406913393414502e-6,,
4.396250161135459e-6,4.39923500932244e-6,4.4067730205036465e-6,,
4.395278556055637e-6,4.398857222445602e-6,4.406636997530069e-6,,
4.394306811254787e-6,4.398465252631813e-6,4.406505172235379e-6,,
4.393334749127696e-6,4.398075778607398e-6,4.406376964343557e-6,,
4.392362539535131e-6,4.397699899285352e-6,4.406252208502278e-6,,
4.391390036867504e-6,4.3973419063339525e-6,4.406130550258618e-6,,
4.390417304342912e-6,4.397006946662331e-6,4.406011680441202e-6,,
4.389444430545137e-6,4.3966964938198e-6,4.405895476707126e-6,,
4.388471238488737e-6,4.396402432199976e-6,4.4057818025066994e-6,,
4.387497899383761e-6,4.396119918814744e-6,4.405670374492191e-6,,
4.38652430644956e-6,4.395840257000362e-6,4.405561409935082e-6,,
4.385550438097669e-6,4.395551414572908e-6,4.405454535042652e-6,,
4.384576472372993e-6,4.395260599149353e-6,4.405349606293784e-6,,
4.383602189677019e-6,4.394971835087139e-6,4.405246548835112e-6,,
4.382627758351287e-6,4.394687132377427e-6,4.405145245970031e-6,,
4.381653027282172e-6,4.394413307915898e-6,4.40504558962373e-6,,
4.380678061464626e-6,4.394154786360823e-6,4.40494750528317e-6,,
4.379702951750789e-6,4.393906829145198e-6,4.4048509333144616e-6,,
4.378727525020663e-6,4.393668418761763e-6,4.404755606931625e-6,,
4.377751948103206e-6,4.393433865279395e-6,4.404661722666517e-6,,
4.3767761133956815e-6,4.3931929654903604e-6,4.404569209275642e-6,,
4.3758000427321664e-6,4.392950089178161e-6,4.404477991718888e-6,,
4.37482387395949e-6,4.392706538844404e-6,4.4043880456590385e-6,,
4.37384734327821e-6,4.3924630483844755e-6,4.404299220085673e-6,,
4.3728707057791086e-6,4.39222562122e-6,4.404211505859514e-6,,
4.371893807938274e-6,4.391998856304163e-6,4.404124887153564e-6,,
4.3709166698420585e-6,4.391779688246381e-6,4.404039427010368e-6,,
4.3699393874043745e-6,4.3915686971934605e-6,4.403954981108891e-6,,
4.368961744640739e-6,4.391361789018136e-6,4.403871459049046e-6,,
4.36798394773519e-6,4.391150264788409e-6,4.403788828655921e-6,,
4.3670059298588945e-6,4.39093726570934e-6,4.403707186558974e-6,,
4.366027671869504e-6,4.390722716280731e-6,4.403626395600605e-6,,
4.365049268980873e-6,4.390506672718486e-6,4.403546534210476e-6,,
4.364070505448837e-6,4.390294351713218e-6,4.4034674287696136e-6,,
4.363091631498512e-6,4.390089936063842e-6,4.403389089261807e-6,,
4.362112537625011e-6,4.389891234225941e-6,4.403311596791217e-6,,
4.361133152271735e-6,4.389699620326841e-6,4.403234851180539e-6,,
4.360153623577123e-6,4.38951203732862e-6,4.403158822174644e-6,,
4.35917382541414e-6,4.38932092240615e-6,4.403083565774373e-6,,
4.3581938236704005e-6,4.3891288130320215e-6,4.403009006639642e-6,,
4.357213595756549e-6,4.388934862824177e-6,4.402935129922502e-6,,
4.356233075954148e-6,4.3887387298982854e-6,4.4028618690268275e-6,,
4.355252457369274e-6,4.388545002883796e-6,4.402789263198315e-6,,
4.354271523553685e-6,4.388357418016277e-6,4.402717267783555e-6,,
4.353290430113871e-6,4.388174302532201e-6,4.402645867684518e-6,,
4.352309109443832e-6,4.387997441885926e-6,4.402575064718178e-6,,
4.351327494481689e-6,4.387824444684637e-6,4.40250484046988e-6,,
4.350345777690902e-6,4.3876486379507685e-6,4.4024351996783445e-6,,
4.3493637025514355e-6,4.387472220870484e-6,4.40236613352846e-6,,
4.348381511911422e-6,4.3872938996000215e-6,4.402297560458764e-6,,
4.347399044903541e-6,4.387113065340909e-6,4.402229451696391e-6,,
4.346416328838672e-6,4.386933807177329e-6,4.402161887067519e-6,,
4.345433464257372e-6,4.386759456326269e-6,4.402094810775868e-6,,
4.344450286695291e-6,4.386588713729063e-6,4.4020282518425535e-6,,
4.343466991534757e-6,4.3864235862259484e-6,4.401962153970014e-6,,
4.342483416362193e-6,4.386262144224354e-6,4.401896509403124e-6,,
4.3414995896568715e-6,4.386098403725356e-6,4.401831369335601e-6,,
4.340515613109772e-6,4.385934349522349e-6,4.401766630477135e-6,,
4.339531322822505e-6,4.385768421114038e-6,4.401702352445368e-6,,
4.338546915740431e-6,4.385599838751574e-6,4.401638541461803e-6,,
4.3375622709562844e-6,4.3854322722249336e-6,4.40157500855546e-6,,
4.336577323293324e-6,4.385268686768216e-6,4.401511904686709e-6,,
4.335592275417835e-6,4.38510806687453e-6,4.401449275267415e-6,,
4.334606867600472e-6,4.384952554224274e-6,4.4013870576969555e-6,,
4.33362139002258e-6,4.384800561946843e-6,4.4013252560584265e-6,,
4.332635620546284e-6,4.384646659756696e-6,4.401263850146091e-6,,
4.331649591493476e-6,4.384492678059841e-6,4.401202735529628e-6,,
4.3306634125831785e-6,4.384336890527269e-6,4.401141999233059e-6,,
4.329676969842765e-6,4.3841784100720305e-6,4.401081667795598e-6,,
4.328690363069994e-6,4.384020561323502e-6,4.401021604052257e-6,,
4.327703463485368e-6,4.383865976544962e-6,4.400961989723709e-6,,
4.326716301777839e-6,4.383713848755609e-6,4.400902705363729e-6,,
4.325728994339294e-6,4.383566401154112e-6,4.40084374078768e-6,,
4.324741412976151e-6,4.383422318927249e-6,4.400785122866228e-6,,
4.323753666144506e-6,4.383276634732724e-6,4.400726848547144e-6,,
4.322765674135751e-6,4.383131062557351e-6,4.400668912895575e-6,,
4.321777416933633e-6,4.382983769358979e-6,4.4006113467885285e-6,,
4.320789012934729e-6,4.3828337980541125e-6,4.400554096100993e-6,,
4.319800293715871e-6,4.382684192468463e-6,4.400497161570374e-6,,
4.318811453155683e-6,4.382537290856287e-6,4.400440529904078e-6,,
4.317822363818707e-6,4.382392437006022e-6,4.400384164846902e-6,,
4.3168330068773495e-6,4.382251890620657e-6,4.400328091503172e-6,,
4.315843548107299e-6,4.382114557547973e-6,4.400272295842602e-6,,
4.314853768326268e-6,4.38197586879268e-6,4.400216764924255e-6,,
4.313863823718909e-6,4.381837450915435e-6,4.400161528793907e-6,,
4.31287358082096e-6,4.381697403073841e-6,4.400106580257361e-6,,
4.3118830677278044e-6,4.381554720614889e-6,4.400051848420814e-6,,
4.310892452106816e-6,4.381412214796037e-6,4.3999973749337024e-6,,
4.3099015203542915e-6,4.381271971040348e-6,4.399943198175291e-6,,
4.308910463457702e-6,4.381133448241786e-6,4.399889286278282e-6,,
4.307919151190356e-6,4.380998907316955e-6,4.399835592674512e-6,,
4.306927570930449e-6,4.38086742876089e-6,4.3997821542917885e-6,,
4.305935835561577e-6,4.38073479054772e-6,4.399728954865584e-6,,
4.304943829595429e-6,4.380602553711469e-6,4.399676008690881e-6,,
4.3039516964871065e-6,4.380468778051349e-6,4.399623283784261e-6,,
4.302959257741116e-6,4.380332426388046e-6,4.399570802824152e-6,,
4.301966548145825e-6,4.380196112711417e-6,4.399518565601729e-6,,
4.300973733646994e-6,4.380061704422104e-6,4.399466558083185e-6,,
4.29998060189566e-6,4.379928756815886e-6,4.3994148225536575e-6,,
4.2989873462455755e-6,4.379799511415495e-6,4.399363311782358e-6,,
4.297993781167711e-6,4.379673183262912e-6,4.399312011969155e-6,,
4.296999937048917e-6,4.3795458512045455e-6,4.399260904568602e-6,,
4.296005986960361e-6,4.3794190257375715e-6,4.399210041273574e-6,,
4.295011770590218e-6,4.379290748747108e-6,4.399159380742204e-6,,
4.2940173770702535e-6,4.379159961707964e-6,4.399108859042162e-6,,
4.293022716909861e-6,4.379029108119309e-6,4.399058560713713e-6,,
4.292027826369885e-6,4.378899864221826e-6,4.399008517901097e-6,,
4.291032828763015e-6,4.378771870123163e-6,4.398958640559191e-6,,
4.290037513204699e-6,4.3786473403046465e-6,4.3989089678994935e-6,,
4.2890420699203995e-6,4.378525594607737e-6,4.398859542070899e-6,,
4.288046315066716e-6,4.3784029712282205e-6,4.398810258619738e-6,,
4.287050275307337e-6,4.378280938046246e-6,4.398761180797867e-6,,
4.2860541274992925e-6,4.3781575346286824e-6,4.398712338504209e-6,,
4.285057712541254e-6,4.378031690097178e-6,4.398663675405719e-6,,
4.284061162973413e-6,4.377905698615683e-6,4.39861521883529e-6,,
4.283064293024844e-6,4.377781066048137e-6,4.3985669086065894e-6,,
4.282067140875902e-6,4.377657506979765e-6,4.3985188547635065e-6,,
4.281069884970432e-6,4.377537207883497e-6,4.39847098040071e-6,,
4.2800723100955e-6,4.377419574518119e-6,4.39842321899271e-6,,
4.2790746034663955e-6,4.3773011702256794e-6,4.398375597909128e-6,,
4.278076619874389e-6,4.377183423138561e-6,4.398328246916322e-6,,
4.277078351416122e-6,4.377064380287732e-6,4.398281072572573e-6,,
4.276079972624316e-6,4.376942965703044e-6,4.39823400889066e-6,,
4.275081325717975e-6,4.376821341979085e-6,4.398187133859147e-6,,
4.274082493925578e-6,4.3767008613171906e-6,4.398140471570161e-6,,
4.273083433060417e-6,4.376581302016623e-6,4.398093955771841e-6,,
4.272084083760713e-6,4.376464823024736e-6,4.3980476073040565e-6,,
4.271084622707597e-6,4.376350904609726e-6,4.3980013878331595e-6,,
4.2700848461266436e-6,4.376236309465421e-6,4.397955339512572e-6,,
4.269084933793825e-6,4.3761224274313385e-6,4.397909487342645e-6,,
4.268084737174559e-6,4.376007317909417e-6,4.397863790339296e-6,,
4.267084301355846e-6,4.375889904794938e-6,4.397818257341756e-6,,
4.2660837575625095e-6,4.375772234755348e-6,4.397772834771583e-6,,
4.265082897366117e-6,4.37565552091182e-6,4.397727575454456e-6,,
4.264081894513484e-6,4.3755395942968225e-6,4.397682408038982e-6,,
4.263080562167112e-6,4.37542658576135e-6,4.397637414755789e-6,,
4.262078936201591e-6,4.3753160421904975e-6,4.397592620316983e-6,,
4.261077243401603e-6,4.375204906656652e-6,4.3975479562648525e-6,,
4.260075280606384e-6,4.375094533276137e-6,4.397503362703832e-6,,
4.259073182963443e-6,4.37498299613592e-6,4.397458944133725e-6,,
4.258070747293499e-6,4.374869221446094e-6,4.397414664556214e-6,,
4.257068085607358e-6,4.374755153370389e-6,4.397370539298785e-6,,
4.256065239454907e-6,4.374641879745698e-6,4.397326567566414e-6,,
4.255062127797678e-6,4.374529274365802e-6,4.3972827245789e-6,,
4.254058869403504e-6,4.374419437754381e-6,4.397239035598409e-6,,
4.253055315620602e-6,4.374311976350357e-6,4.397195478796544e-6,,
4.252051519326842e-6,4.37420399890741e-6,4.397152074687378e-6,,
4.251047607582585e-6,4.3740968278538226e-6,4.3971088154904915e-6,,
4.25004337833766e-6,4.373988553832942e-6,4.397065622742612e-6,,
4.249039062448336e-6,4.373878106257926e-6,4.397022562143865e-6,,
4.248034395842745e-6,4.373767337523812e-6,4.396979668076902e-6,,
4.247029479177505e-6,4.373657223222075e-6,4.396936895220245e-6,,
4.246024450907919e-6,4.3735476722904966e-6,4.396894226434174e-6,,
4.245019109554879e-6,4.373440751817899e-6,4.396851655415598e-6,,
4.2440136738344734e-6,4.37333612018525e-6,4.396809256153887e-6,,
4.243007888603343e-6,4.373231039245901e-6,4.396766987419205e-6,,
4.242001845685945e-6,4.373126804433339e-6,4.396724862412513e-6,,
4.2409957319770555e-6,4.3730215252321365e-6,4.396682831853243e-6,,
4.239989309559143e-6,4.372914134927354e-6,4.396640942062903e-6,,
4.238982738700805e-6,4.3728064024457104e-6,4.396599158675773e-6,,
4.237975856248117e-6,4.372699202599221e-6,4.396557503417385e-6,,
4.236968717968935e-6,4.372592474618708e-6,4.396515971430283e-6,,
4.2359614658705975e-6,4.372488249638462e-6,4.396474564721819e-6,,
4.234953946213634e-6,4.372386229669395e-6,4.396433270069917e-6,,
4.233946281263855e-6,4.372283817746105e-6,4.396392112031293e-6,,
4.232938306484078e-6,4.372182286691225e-6,4.39635107704853e-6,,
4.2319300780768514e-6,4.372079767416353e-6,4.3963101385068974e-6,,
4.2309217293383515e-6,4.371975198243374e-6,4.396269306344241e-6,,
4.229913107470073e-6,4.371870271404806e-6,4.3962286108319445e-6,,
4.228904296059e-6,4.3717657703328165e-6,4.3961880278679956e-6,,
4.227895175796834e-6,4.371661661655167e-6,4.396147558553395e-6,,
4.22688583053223e-6,4.371559939754842e-6,4.396107184345824e-6,,
4.225876378989824e-6,4.371460342129571e-6,4.396066945967103e-6,,
4.224866601619026e-6,4.371360401031577e-6,4.396026795914302e-6,,
4.223856722023709e-6,4.371261370009793e-6,4.395986773826369e-6,,
4.222846524904887e-6,4.3711614038860435e-6,4.395946807482769e-6,,
4.2218360315224905e-6,4.371059447664703e-6,4.395906995717612e-6,,
4.2208254158545485e-6,4.370957122951599e-6,4.395867283958818e-6,,
4.2198145262805875e-6,4.370855129376258e-6,4.395827685257767e-6,,
4.218803527585192e-6,4.370753458832788e-6,4.395788189772163e-6,,
4.217792165793153e-6,4.370654069978243e-6,4.39574874437634e-6,,
4.216780536857174e-6,4.370556729007077e-6,4.395709406945213e-6,,
4.215768846430509e-6,4.370459085529211e-6,4.395670194234769e-6,,
4.21475688655196e-6,4.370362375639521e-6,4.395631098598527e-6,,
4.213744763567525e-6,4.370264780067247e-6,4.3955920962292715e-6,,
4.212732325843943e-6,4.370165252359398e-6,4.39555316555554e-6,,
4.211719622712642e-6,4.370065349164919e-6,4.395514341105069e-6,,
4.210706841538707e-6,4.369965692684667e-6,4.39547561389047e-6,,
4.209693747900694e-6,4.369866297959857e-6,4.39543699626623e-6,,
4.208680541170566e-6,4.369769090019799e-6,4.395398467863055e-6,,
4.207667020676891e-6,4.369673858993449e-6,4.39536004016651e-6,,
4.206653226301876e-6,4.3695783608706015e-6,4.395321705325944e-6,,
4.205639299995874e-6,4.369483814592785e-6,4.395283438536111e-6,,
4.204625103013675e-6,4.369388427924648e-6,4.395245253210001e-6,,
4.20361079587483e-6,4.369291164779572e-6,4.395207173081854e-6,,
4.202596119041701e-6,4.369193522158329e-6,4.3951691872895235e-6,,
4.201581160949609e-6,4.369096050475081e-6,4.39513130579874e-6,,
4.2005661432724665e-6,4.3689987856307305e-6,4.3950935095000405e-6,,
4.19955084966545e-6,4.36890362128901e-6,4.395055822790096e-6,,
4.19853540192561e-6,4.368810368673516e-6,4.3950182122863326e-6,,
4.1975196704139285e-6,4.3687168808173246e-6,4.394980688223833e-6,,
4.196503659223947e-6,4.368624358851394e-6,4.394943270628505e-6,,
4.195487523895394e-6,4.368531037595869e-6,4.39490592686283e-6,,
4.194471116774174e-6,4.368435892846856e-6,4.394868668815721e-6,,
4.193454595359117e-6,4.368340366905722e-6,4.394831515468157e-6,,
4.192437743600275e-6,4.368244943562503e-6,4.394794445262139e-6,,
4.191420566919333e-6,4.368149677162484e-6,4.394757472908565e-6,,
4.190403317518996e-6,4.368056431920398e-6,4.3947205711792845e-6,,
4.189385790984661e-6,4.367965038561261e-6,4.394683757568729e-6,,
4.188368153211027e-6,4.367873439779883e-6,4.394647002516278e-6,,
4.187350175976084e-6,4.367782818109927e-6,4.394610354133407e-6,,
4.186331865573971e-6,4.367691434439173e-6,4.394573758465721e-6,,
4.185313476422653e-6,4.367598277339089e-6,4.394537278299305e-6,,
4.184294871988288e-6,4.367504739007245e-6,4.394500878604966e-6,,
4.183276101389756e-6,4.367411241462484e-6,4.394464557067158e-6,,
4.182256993108534e-6,4.367317855030787e-6,4.394428325568814e-6,,
4.181237648434209e-6,4.3672264158402746e-6,4.3943921274138516e-6,,
4.180218123494856e-6,4.3671367731229235e-6,4.394356025961296e-6,,
4.1791983782818735e-6,4.3670469535215625e-6,4.394320019454754e-6,,
4.178178470135667e-6,4.366958120741888e-6,4.394284069754824e-6,,
4.177158215417911e-6,4.366868560224855e-6,4.394248082145577e-6,,
4.176137726967677e-6,4.366777273379905e-6,4.39421221978816e-6,,
4.175117109637991e-6,4.36668560642841e-6,4.394176437991347e-6,,
4.174096265844027e-6,4.366593924338249e-6,4.39414072811314e-6,,
4.173075262397809e-6,4.366502310982072e-6,4.394105091706973e-6,,
4.172053903203617e-6,4.366412575203e-6,4.394069547730292e-6,,
4.171032301831986e-6,4.366324583867563e-6,4.394034095640507e-6,,
4.170010575458578e-6,4.366236443007078e-6,4.393998712433658e-6,,
4.168988579960749e-6,4.3661492980644206e-6,4.393963399869339e-6,,
4.167966464998785e-6,4.366061457576171e-6,4.3939281576383934e-6,,
4.166943994846188e-6,4.365971935140403e-6,4.3938929834767e-6,,
4.165921284042734e-6,4.365882034443434e-6,4.393857890776817e-6,,
4.164898488784083e-6,4.3657920680541e-6,4.393822859803642e-6,,
4.16387538102823e-6,4.3657021311816985e-6,4.39378789295738e-6,,
4.162852136490033e-6,4.365614005664563e-6,4.39375296089663e-6,,
4.161828538928865e-6,4.36552757500411e-6,4.3937181032158995e-6,,
4.160804834819439e-6,4.3654410206955105e-6,4.393683351032167e-6,,
4.159780912469401e-6,4.3653554711458325e-6,4.3936486231170435e-6,,
4.158756714022865e-6,4.365269257021213e-6,4.393614000663445e-6,,
4.157732151385877e-6,4.365181403093572e-6,4.393579467207581e-6,,
4.15670747626951e-6,4.365093173151121e-6,4.393545007882915e-6,,
4.155682690818199e-6,4.365004831819939e-6,4.3935105999206735e-6,,
4.154657642057008e-6,4.364916483880635e-6,4.393476260532549e-6,,
4.153632322048476e-6,4.3648298840963725e-6,4.3934419983700495e-6,,
4.15260667862996e-6,4.364744931309047e-6,4.393407801083419e-6,,
4.151580865747553e-6,4.364659878834655e-6,4.393373657686353e-6,,
4.150554944522923e-6,4.3645758396320965e-6,4.393339601929348e-6,,
4.149528742577685e-6,4.364491166118506e-6,4.393305609833828e-6,,
4.148502273961427e-6,4.36440489330137e-6,4.393271677978347e-6,,
4.147475485289791e-6,4.364318247014072e-6,4.3932378028655815e-6,,
4.146448575971977e-6,4.364231447931346e-6,4.393204004742194e-6,,
4.14542154953362e-6,4.364144609182318e-6,4.393170219909998e-6,,
4.144394246388263e-6,4.3640594583325896e-6,4.393136524237366e-6,,
4.143366670795699e-6,4.363975907920682e-6,4.393102908695087e-6,,
4.142338825479798e-6,4.363892279470794e-6,4.393069379500607e-6,,
4.141310754756493e-6,4.363809672175965e-6,4.39303590903707e-6,,
4.140282617225845e-6,4.363726460257404e-6,4.3930024899511e-6,,
4.139254195975111e-6,4.363641688393058e-6,4.39296913425337e-6,,
4.138225564688538e-6,4.363556546014449e-6,4.392935851257812e-6,,
4.1371965601649175e-6,4.3634712131546245e-6,4.392902617142482e-6,,
4.136167417625347e-6,4.363385810519627e-6,4.39286944383187e-6,,
4.13513820026037e-6,4.363302038619792e-6,4.392836342131437e-6,,
4.134108664941178e-6,4.3632198217674015e-6,4.392803277517074e-6,,
4.1330789034587595e-6,4.363137545967688e-6,4.392770281614698e-6,,
4.132048771518079e-6,4.363056298213115e-6,4.392737335423227e-6,,
4.1310185029364825e-6,4.362974474794132e-6,4.392704451767437e-6,,
4.129988161415137e-6,4.362891129920693e-6,4.392671620737223e-6,,
4.1289575432311905e-6,4.36280741813534e-6,4.392638855176515e-6,,
4.1279266451075985e-6,4.362723481428688e-6,4.392606130821989e-6,,
4.126895369454606e-6,4.36263944752733e-6,4.392573478816826e-6,,
4.125864017130336e-6,4.3625569904781226e-6,4.39254089218816e-6,,
4.124832487714928e-6,4.362476044391448e-6,4.392508342911669e-6,,
4.123800675299299e-6,4.362395055841123e-6,4.392475849517732e-6,,
4.122768694152104e-6,4.362315100912601e-6,4.39244342512736e-6,,
4.1217363273120935e-6,4.3622345982626055e-6,4.392411065552236e-6,,
4.12070382649989e-6,4.3621526118249725e-6,4.392378760403981e-6,,
4.119671198884383e-6,4.362070262941654e-6,4.392346469077148e-6,,
4.118638329472729e-6,4.361987657597515e-6,4.392314226742026e-6,,
4.117605199078592e-6,4.361904929976072e-6,4.392282059917453e-6,,
4.116571734057712e-6,4.3618237287005886e-6,4.392249958454835e-6,,
4.1155381265254826e-6,4.3617439959000976e-6,4.392217887125225e-6,,
4.114504383950821e-6,4.361664234687874e-6,4.392185871626756e-6,,
4.113470355137565e-6,4.361585511150518e-6,4.392153901755187e-6,,
4.112436107803419e-6,4.36150626651069e-6,4.392121983975283e-6,,
4.111401518700374e-6,4.361425574800108e-6,4.392090122406165e-6,,
4.1103667885118695e-6,4.3613445260614895e-6,4.39205830068818e-6,,
4.109331925648883e-6,4.361263191998434e-6,4.392026530389986e-6,,
4.1082967908173145e-6,4.361181712566555e-6,4.391994798178993e-6,,
4.107261431232921e-6,4.361101712264428e-6,4.391963145667611e-6,,
4.106225731981043e-6,4.361023139853793e-6,4.391931565122175e-6,,
4.1051898825332644e-6,4.36094455104588e-6,4.391900047990692e-6,,
4.104153950757507e-6,4.360867002367334e-6,4.391868575224662e-6,,
4.103117728818292e-6,4.36078895761678e-6,4.391837167359209e-6,,
4.102081275202845e-6,4.360709501380382e-6,4.3918058040284725e-6,,
4.101044447186651e-6,4.360629694413754e-6,4.391774506075554e-6,,
4.100007460580113e-6,4.360549575760694e-6,4.391743255242278e-6,,
4.098970393791422e-6,4.360469290373539e-6,4.391712058792377e-6,,
4.097933029917903e-6,4.360390439933407e-6,4.391680865383809e-6,,
4.096895472147246e-6,4.360312978909079e-6,4.391649763691543e-6,,
4.095857627244608e-6,4.360235511999109e-6,4.391618725681663e-6,,
4.094819542028127e-6,4.3601590861574975e-6,4.391587749282018e-6,,
4.093781188520711e-6,4.360082187499548e-6,4.391556812448957e-6,,
4.092742735727663e-6,4.360003911636413e-6,4.391525905848867e-6,,
4.091704092574132e-6,4.359925292038597e-6,4.3914950506057216e-6,,
4.090665133422906e-6,4.359846336710793e-6,4.3914642243075314e-6,,
4.089625908455955e-6,4.3597671948312014e-6,4.391433449700504e-6,,
4.088586396982255e-6,4.359689446404147e-6,4.39140273874336e-6,,
4.087546769896415e-6,4.359613051057931e-6,4.391372068130869e-6,,
4.086507005320412e-6,4.359536659403966e-6,4.391341465024967e-6,,
4.085466899610518e-6,4.359461308477445e-6,4.391310903494677e-6,,
4.0844265564252635e-6,4.3593855061240716e-6,4.39128040690087e-6,,
4.083385928576713e-6,4.359308359413458e-6,4.391249941449416e-6,,
4.082345189011653e-6,4.359230876430573e-6,4.391219525199592e-6,,
4.0813042468834254e-6,4.3591530357791675e-6,4.39118916406262e-6,,
4.0802630155142065e-6,4.359074990193053e-6,4.391158847946586e-6,,
4.07922154833988e-6,4.358998298881476e-6,4.391128575107543e-6,,
4.078179777893703e-6,4.3589229263386195e-6,4.39109834267706e-6,,
4.077137968826048e-6,4.3588475666100345e-6,4.391068150815367e-6,,
4.076095940643172e-6,4.358773246340224e-6,4.391038018792367e-6,,
4.075053576838651e-6,4.3586984942087455e-6,4.391007920277131e-6,,
4.074010978576837e-6,4.3586224290423745e-6,4.390977888109834e-6,,
4.072968127281024e-6,4.358546035303545e-6,4.390947900521091e-6,,
4.071925150284466e-6,4.358469263837283e-6,4.390917962177742e-6,,
4.070882048783442e-6,4.358392270393781e-6,4.390888063707817e-6,,
4.069838592977525e-6,4.358316594029354e-6,4.390858204147189e-6,,
4.068794855231203e-6,4.358242203919781e-6,4.390828391773933e-6,,
4.067750867114575e-6,4.3581678356063785e-6,4.390798640235136e-6,,
4.06670675770911e-6,4.3580945049477556e-6,4.390768924550571e-6,,
4.065662507424804e-6,4.358020760347178e-6,4.3907392441509775e-6,,
4.0646178849987095e-6,4.357945732459871e-6,4.3907095827928935e-6,,
4.063573030665235e-6,4.357870383732773e-6,4.3906799817683015e-6,,
4.062527927759882e-6,4.357794638886362e-6,4.390650400281501e-6,,
4.06148265855896e-6,4.357718656261719e-6,4.390620889507963e-6,,
4.060437232343442e-6,4.357643955223894e-6,4.390591437991262e-6,,
4.059391506519442e-6,4.357570509467106e-6,4.390562045811922e-6,,
4.058345549716676e-6,4.3574970944816924e-6,4.390532670234941e-6,,
4.057299276774554e-6,4.357424715164536e-6,4.390503325895551e-6,,
4.05625289017454e-6,4.3573519384727095e-6,4.390474033727894e-6,,
4.055206350877989e-6,4.3572779066768275e-6,4.390444763655324e-6,,
4.05415951453447e-6,4.3572035616278124e-6,4.390415530593276e-6,,
4.0531124271274315e-6,4.357128803569719e-6,4.390386347239751e-6,,
4.052065074389511e-6,4.35705379306307e-6,4.390357199844678e-6,,
4.05101761115562e-6,4.356980030114598e-6,4.3903280961979495e-6,,
4.049969998948641e-6,4.35690749277938e-6,4.390299039196524e-6,,
4.048922022440917e-6,4.356834995157787e-6,4.390270025365563e-6,,
4.0478737965064444e-6,4.356763531291288e-6,4.390241063227895e-6,,
4.046825259049539e-6,4.356691685630667e-6,4.390212103816863e-6,,
4.045776642846287e-6,4.356618611556913e-6,4.390183190783451e-6,,
4.0447278826873475e-6,4.356545231526686e-6,4.390154333409271e-6,,
4.043678761635072e-6,4.356471422960281e-6,4.390125529481975e-6,,
4.0426293924579195e-6,4.356397348298842e-6,4.390096739646019e-6,,
4.041579761745608e-6,4.356324488452016e-6,4.3900679954662516e-6,,
4.0405300557588754e-6,4.356252825644873e-6,4.390039283973852e-6,,
4.039480161375088e-6,4.356181211339864e-6,4.3900106174938195e-6,,
4.038429936161469e-6,4.356110629093299e-6,4.389982002549998e-6,,
4.0373794634607455e-6,4.356039679996062e-6,4.3899534242117285e-6,,
4.036328731181e-6,4.35596752783273e-6,4.38992488217664e-6,,
4.035277857321469e-6,4.35589507662459e-6,4.389896338258813e-6,,
4.034226848604381e-6,4.3558221825935466e-6,4.389867862780437e-6,,
4.033175462993726e-6,4.355749009756248e-6,4.389839405586467e-6,,
4.032123880092229e-6,4.355677020138596e-6,4.389811016149732e-6,,
4.031071969232994e-6,4.355606199917904e-6,4.389782653218802e-6,,
4.030019990906486e-6,4.3555354366611645e-6,4.389754328405508e-6,,
4.028967860874228e-6,4.355465704012493e-6,4.389726058430551e-6,,
4.027915405717802e-6,4.355395619112274e-6,4.389697820770447e-6,,
4.026862635187581e-6,4.355324355357457e-6,4.389669626453753e-6,,
4.0258095875833836e-6,4.355252799042995e-6,4.389641451798575e-6,,
4.024756476238987e-6,4.355180786731965e-6,4.389613306993587e-6,,
4.023703217582719e-6,4.355108483777203e-6,4.389585240275941e-6,,
4.022649587899022e-6,4.355037333516922e-6,4.389557191381518e-6,,
4.021595742411531e-6,4.3549673257889356e-6,4.389529175339547e-6,,
4.020541572194226e-6,4.354897383001374e-6,4.389501194593346e-6,,
4.019487320244826e-6,4.354828469575669e-6,4.3894732494766525e-6,,
4.018432904571376e-6,4.354759218326268e-6,4.389445343542326e-6,,
4.017378141974423e-6,4.354688811533669e-6,4.389417454919866e-6,,
4.016323144036539e-6,4.354618118275716e-6,4.389389620083236e-6,,
4.01526787246113e-6,4.354546956824655e-6,4.389361821648568e-6,,
4.0142124735584965e-6,4.354475493714847e-6,4.389334037033786e-6,,
4.013156965022568e-6,4.354405153817723e-6,4.3893063110942826e-6,,
4.012101090973079e-6,4.354335930244814e-6,4.3892786343194736e-6,,
4.011044933162473e-6,4.35426677897709e-6,4.3892509667583315e-6,,
4.009988553065089e-6,4.3541986559225185e-6,4.38922334086561e-6,,
4.008932048981442e-6,4.3541302093759845e-6,4.389195764110876e-6,,
4.0078753899506824e-6,4.354060629927342e-6,4.389168218516726e-6,,
4.006818395952918e-6,4.3539907698115575e-6,4.389140713726993e-6,,
4.005761118837427e-6,4.353920430140289e-6,4.389113236766964e-6,,
4.004703551028002e-6,4.353849778572125e-6,4.389085792308805e-6,,
4.003645912602474e-6,4.353780221795031e-6,4.389058390209233e-6,,
4.002588123270887e-6,4.353711755699341e-6,4.389030978890112e-6,,
4.001530001368837e-6,4.353643368574537e-6,4.389003616249987e-6,,
4.000471597687862e-6,4.353576008491891e-6,4.388976300665198e-6,,
3.999412904693733e-6,4.353508339120407e-6,4.388949009550294e-6,,
3.9983540739819105e-6,4.353439559009702e-6,4.3889217555080765e-6,,
3.997295146935015e-6,4.353370503881513e-6,4.388894546030509e-6,,
3.996235890760676e-6,4.353300958539509e-6,4.388867375734778e-6,,
3.995176332907009e-6,4.3532310917882416e-6,4.388840244202844e-6,,
3.994116488285266e-6,4.3531622925000824e-6,4.38881313612408e-6,,
3.993056580222809e-6,4.353094558767485e-6,4.388786041956237e-6,,
3.991996509310517e-6,4.353026909924045e-6,4.388758993521887e-6,,
3.9909361116925405e-6,4.3529602868110025e-6,4.388731982229283e-6,,
3.9898754837163745e-6,4.3528933683929944e-6,4.388705003663764e-6,,
3.988814548622583e-6,4.352825361050271e-6,4.388678058044184e-6,,
3.987753483471821e-6,4.352757084346111e-6,4.388651138844538e-6,,
3.9866922600229145e-6,4.352688307384132e-6,4.3886242296374214e-6,,
3.985630740836517e-6,4.352619200161712e-6,4.388597377512588e-6,,
3.984568943346066e-6,4.352551134196276e-6,4.3885705673983616e-6,,
3.9835068412946326e-6,4.352484109178284e-6,4.38854378178548e-6,,
3.982444661953602e-6,4.352417174212829e-6,4.388517011433912e-6,,
3.981382328482965e-6,4.352351263411211e-6,4.388490289885773e-6,,
3.980319652476707e-6,4.352285070955155e-6,4.388463605646794e-6,,
3.97925667778074e-6,4.3522178110993095e-6,4.388436943432865e-6,,
3.978193449759643e-6,4.352150287684164e-6,4.3884103123208674e-6,,
3.977130098609128e-6,4.352082254541918e-6,4.388383728863008e-6,,
3.976066647214316e-6,4.352013882875348e-6,4.3883571800517794e-6,,
3.975002855625359e-6,4.35194652738825e-6,4.388330654326407e-6,,
3.973938744787523e-6,4.351880188798995e-6,4.388304162901694e-6,,
3.9728744037999296e-6,4.351813944699065e-6,4.388277699743659e-6,,
3.971809971447137e-6,4.351748722839135e-6,4.388251262968326e-6,,
3.970745372759988e-6,4.351683232540143e-6,4.38822486039733e-6,,
3.96968043626421e-6,4.351616696077147e-6,4.388198495518494e-6,,
3.968615252893009e-6,4.351549902091339e-6,4.388172148912807e-6,,
3.967549699549578e-6,4.351482589490079e-6,4.388145826272393e-6,,
3.966484108586066e-6,4.351414930621241e-6,4.388119538620318e-6,,
3.965418376130623e-6,4.351348263949149e-6,4.388093275771019e-6,,
3.964352287391693e-6,4.3512825907651705e-6,4.388067043998646e-6,,
3.9632859312974345e-6,4.351217015833019e-6,4.388040807935749e-6,,
3.96221927807921e-6,4.351152460781002e-6,4.38801461301726e-6,,
3.961152540838234e-6,4.3510876499861515e-6,4.387988459857247e-6,,
3.960085624206923e-6,4.3510218139266995e-6,4.387962341603604e-6,,
3.959018374671397e-6,4.350955726656917e-6,4.3879362698443395e-6,,
3.957950858519719e-6,4.350889112499568e-6,4.387910207252367e-6,,
3.956883026052312e-6,4.350822144795607e-6,4.387884184018089e-6,,
3.955815113671449e-6,4.350756146345641e-6,4.387858202731095e-6,,
3.954747026789895e-6,4.350691118692312e-6,4.387832246219721e-6,,
3.953678660541784e-6,4.3506261924604484e-6,4.387806309570229e-6,,
3.9526099582052505e-6,4.350562283263921e-6,4.3877803870588415e-6,,
3.951541012517309e-6,4.350498130441752e-6,4.387754504815369e-6,,
3.950471990842349e-6,4.350432972852771e-6,4.387728665823106e-6,,
3.949402799039757e-6,4.350367570623861e-6,4.387702852112761e-6,,
3.9483333090150945e-6,4.3503016338960245e-6,4.3876770664878156e-6,,
3.947263482836656e-6,4.350235336776506e-6,4.3876513196364085e-6,,
3.946193393061561e-6,4.350169986929107e-6,4.38762558879202e-6,,
3.945123180841084e-6,4.3501055859682005e-6,4.3875998686244734e-6,,
3.944052880675942e-6,4.350041289110671e-6,4.387574185942438e-6,,
3.942982255841062e-6,4.349978005944584e-6,4.38754849625449e-6,,
3.9419113463650345e-6,4.3499144906525265e-6,4.387522843424235e-6,,
3.9408401044833825e-6,4.349849990609354e-6,4.387497234527632e-6,,
3.939768771595224e-6,4.349785252708917e-6,4.387471657335708e-6,,
3.9386973473652905e-6,4.349719973392343e-6,4.387446110394208e-6,,
3.937625557798971e-6,4.349654327254784e-6,4.3874205794003085e-6,,
3.936553485262449e-6,4.349589607288688e-6,4.387395075997303e-6,,
3.935481082402567e-6,4.349525815109011e-6,4.387369600774813e-6,,
3.934408592794081e-6,4.3494621293493416e-6,4.38734415605128e-6,,
3.933335994990478e-6,4.349399453462699e-6,4.387318718039192e-6,,
3.932263034570913e-6,4.349336556304134e-6,4.3872933295202215e-6,,
3.931189841818631e-6,4.349272693849533e-6,4.387267962322656e-6,,
3.930116320435658e-6,4.349208600467657e-6,4.387242603922158e-6,,
3.929042693878789e-6,4.349143959462883e-6,4.387217295153372e-6,,
3.9279689136026586e-6,4.3490789456166524e-6,4.387192027468016e-6,,
3.926894823447769e-6,4.3490148376438625e-6,4.387166773394807e-6,,
3.92582045229696e-6,4.34895163716799e-6,4.3871415570464875e-6,,
3.924745775835708e-6,4.3488885451860815e-6,4.387116363968446e-6,,
3.9236709762998285e-6,4.348826458843223e-6,4.3870912030446135e-6,,
3.922596077390091e-6,4.3487641614177834e-6,4.387066030975315e-6,,
3.921520870765436e-6,4.348700917535395e-6,4.387040916205346e-6,,
3.92044536229622e-6,4.3486374497242555e-6,4.387015846006865e-6,,
3.919369528875133e-6,4.348573428783825e-6,4.386990805893104e-6,,
3.91829357604203e-6,4.348509029389136e-6,4.386965789643788e-6,,
3.917217549639622e-6,4.348445516309425e-6,4.38694078335569e-6,,
3.916141196312653e-6,4.348382891209657e-6,4.386915812312986e-6,,
3.915064491943697e-6,4.348320376548153e-6,4.386890856361892e-6,,
3.91398749351186e-6,4.348258862969902e-6,4.386865929293638e-6,,
3.912910400805918e-6,4.3481971478194595e-6,4.386841014038604e-6,,
3.911833194979994e-6,4.348134504395843e-6,4.386816121477179e-6,,
3.910755664739258e-6,4.348071644040616e-6,4.386791271821825e-6,,
3.90967783487759e-6,4.348008225704288e-6,4.38676645316543e-6,,
3.90859968438187e-6,4.347944423715348e-6,4.386741646867068e-6,,
3.907521471864101e-6,4.347881489171013e-6,4.386716845391284e-6,,
3.906443100671397e-6,4.3478194238054605e-6,4.386692080300054e-6,,
3.90536440827713e-6,4.347757470783634e-6,4.386667342275675e-6,,
3.904285417269711e-6,4.347696514079261e-6,4.386642644856782e-6,,
3.903206114105495e-6,4.347635364637191e-6,4.386617981594331e-6,,
3.902126723744199e-6,4.3475733044252404e-6,4.386593339938816e-6,,
3.901047229456439e-6,4.347511034215449e-6,4.386568703373054e-6,,
3.899967416050901e-6,4.347448201767801e-6,4.3865441088356494e-6,,
3.898887282685557e-6,4.347384980882504e-6,4.386519542726512e-6,,
3.8978068603137606e-6,4.347322609217837e-6,4.3864950014795505e-6,,
3.8967263324577134e-6,4.347261088583872e-6,4.386470470471636e-6,,
3.895645704734601e-6,4.347199682214644e-6,4.386445957747522e-6,,
3.8945646883854285e-6,4.347139267304294e-6,4.386421482384429e-6,,
3.893483403320824e-6,4.347078667845944e-6,4.386397002774701e-6,,
3.892401852505744e-6,4.347017174430727e-6,4.386372556000074e-6,,
3.891320127404918e-6,4.346955477836216e-6,4.386348147942118e-6,,
3.8902383361330365e-6,4.3468932152575e-6,4.386323761613945e-6,,
3.889156231200443e-6,4.346830559872778e-6,4.38629941335367e-6,,
3.888073757753229e-6,4.34676873609652e-6,4.386275086377193e-6,,
3.886990977333588e-6,4.346707745795836e-6,4.38625076885259e-6,,
3.885908149465791e-6,4.346646871721182e-6,4.386226476335909e-6,,
3.884825209116642e-6,4.346586984259e-6,4.386202195661911e-6,,
3.883741935510252e-6,4.3465269198524384e-6,4.3861779423685985e-6,,
3.882658344421381e-6,4.346465977611149e-6,4.3861537196646794e-6,,
3.8815744257133535e-6,4.346404838849667e-6,4.386129525467328e-6,,
3.880490412620681e-6,4.346343130791215e-6,4.386105368137669e-6,,
3.879406292287e-6,4.346281025965354e-6,4.386081228361532e-6,,
3.8783218919828925e-6,4.3462197357135136e-6,4.3860571085071915e-6,,
3.877237153262885e-6,4.3461592619198815e-6,4.386033016762149e-6,,
3.876152059660351e-6,4.346098906356931e-6,4.386008936024552e-6,,
3.875066903990322e-6,4.346039532654881e-6,4.385984878221612e-6,,
3.87398166739258e-6,4.345979989114366e-6,4.385960839339023e-6,,
3.8728960300916346e-6,4.345919583170355e-6,4.3859367967674685e-6,,
3.87181005567718e-6,4.3458589871779775e-6,4.385912802044869e-6,,
3.870723807705685e-6,4.34579781893338e-6,4.3858888317907e-6,,
3.869637522773068e-6,4.3457362503456874e-6,4.385864895078576e-6,,
3.868551138924286e-6,4.34567547985029e-6,4.385840984572658e-6,,
3.8674644070662625e-6,4.345615509285342e-6,4.385817100820198e-6,,
3.866377316591849e-6,4.345555658984456e-6,4.385793237648392e-6,,
3.865289925299143e-6,4.345496785939175e-6,4.385769400564912e-6,,
3.86420242861971e-6,4.345437749774329e-6,4.385745565880739e-6,,
3.863114816374379e-6,4.345377865956585e-6,4.385721768365691e-6,,
3.862026859563088e-6,4.345317798353124e-6,4.38569799551405e-6,,
3.8609386171447126e-6,4.34525715583619e-6,4.3856742514294305e-6,,
3.859850053725743e-6,4.345196109758255e-6,4.385650511843432e-6,,
3.858761389027284e-6,4.34513584581532e-6,4.385626817728873e-6,,
3.857672591613971e-6,4.34507636572226e-6,4.38560313917059e-6,,
3.856583473429038e-6,4.345017007939204e-6,4.3855795031731165e-6,,
3.855494070052753e-6,4.3449586229722125e-6,4.385555861997972e-6,,
3.854404347025023e-6,4.344900081330904e-6,4.385532269813663e-6,,
3.853314555072385e-6,4.344840706136305e-6,4.385508706222941e-6,,
3.852224656594598e-6,4.344781153189178e-6,4.385485162919131e-6,,
3.85113439604594e-6,4.344721022908667e-6,4.385461636656375e-6,,
3.850043850442506e-6,4.344660486174289e-6,4.385438142245439e-6,,
3.848952935433954e-6,4.344600716122337e-6,4.385414649934857e-6,,
3.84786200545501e-6,4.3445417142480875e-6,4.385391164288769e-6,,
3.846770951182876e-6,4.344482836710525e-6,4.385367685994513e-6,,
3.845679558493614e-6,4.3444249277211424e-6,4.38534422771584e-6,,
3.844587808613811e-6,4.3443668683336776e-6,4.385320810717545e-6,,
3.8434957425302195e-6,4.344307988885632e-6,4.385297439844636e-6,,
3.842403593165803e-6,4.344248937475327e-6,4.385274084539422e-6,,
3.841311346618381e-6,4.344189306513687e-6,4.385250729018128e-6,,
3.840218742851434e-6,4.344129266492251e-6,4.385227403657704e-6,,
3.8391258339944914e-6,4.344069978179965e-6,4.38520411500343e-6,,
3.838032537679908e-6,4.344011442751787e-6,4.385180834772222e-6,,
3.8369392345719805e-6,4.3439530336415695e-6,4.385157580072462e-6,,
3.835845816818442e-6,4.3438955889723435e-6,4.385134337160395e-6,,
3.83475204396567e-6,4.343838000090404e-6,4.385111089969376e-6,,
3.83365796623763e-6,4.343779604102552e-6,4.385087877006282e-6,,
3.832563553032827e-6,4.343721041688593e-6,4.385064717231822e-6,,
3.831469085526456e-6,4.343661897672595e-6,4.385041564373543e-6,,
3.8303744857488265e-6,4.343602342247309e-6,4.385018444976575e-6,,
3.829279533087115e-6,4.343543524015099e-6,4.384995348149457e-6,,
3.828184276117869e-6,4.343485443724963e-6,4.38497226361281e-6,,
3.827088663641485e-6,4.3434274916564544e-6,4.384949211367185e-6,,
3.825993030013407e-6,4.343370500065257e-6,4.3849261747135935e-6,,
3.824897290555901e-6,4.343313370412862e-6,4.384903145221782e-6,,
3.82380120017767e-6,4.3432554461475455e-6,4.384880142709544e-6,,
3.822704732970286e-6,4.343197360736274e-6,4.384857161640567e-6,,
3.821607985263833e-6,4.343138691813063e-6,4.384834207109178e-6,,
3.8205111464532055e-6,4.343079609359649e-6,4.384811249002583e-6,,
3.819414257333156e-6,4.343021250012445e-6,4.384788307506955e-6,,
3.818317019199018e-6,4.3429636139957726e-6,4.3847653974990605e-6,,
3.817219404645436e-6,4.342906107999935e-6,4.384742502181167e-6,,
3.816121488914942e-6,4.3428495586387735e-6,4.384719625857312e-6,,
3.815023507674407e-6,4.342792877360772e-6,4.384696786160977e-6,,
3.8139254070022556e-6,4.342735413593575e-6,4.3846739596118346e-6,,
3.8128269888805384e-6,4.342677793704637e-6,4.384651166290463e-6,,
3.8117281948195474e-6,4.342619588508614e-6,4.384628389097403e-6,,
3.810629050559967e-6,4.342560967873202e-6,4.384605632619716e-6,,
3.80952984552489e-6,4.342503056662852e-6,4.384582899402515e-6,,
3.808430577365405e-6,4.342445854483531e-6,4.384560186611501e-6,,
3.807330943142319e-6,4.3423887839935245e-6,4.38453748415572e-6,,
3.8062309848805194e-6,4.3423326663945476e-6,4.384514817929694e-6,,
3.8051306563223147e-6,4.342276423021458e-6,4.384492164435711e-6,,
3.8040302485239004e-6,4.34221940899612e-6,4.384469529192072e-6,,
3.802929781568649e-6,4.342162243637642e-6,4.384446924768819e-6,,
3.8018290019599312e-6,4.342104491269089e-6,4.384424323190191e-6,,
3.8007278764695178e-6,4.342046321740426e-6,4.384401738408284e-6,,
3.7996264031936497e-6,4.341988848346306e-6,4.3843791555355186e-6,,
3.7985248538703013e-6,4.3419320699755576e-6,4.384356607650097e-6,,
3.7974232495824887e-6,4.341875424813151e-6,4.38433408772401e-6,,
3.796321283213611e-6,4.341819728874599e-6,4.384311570776181e-6,,
3.79521897175994e-6,4.3417639132852675e-6,4.38428906659582e-6,,
3.7941162706126066e-6,4.341707338678504e-6,4.38426657645157e-6,,
3.7930135198259447e-6,4.341650617313077e-6,4.384244108961425e-6,,
3.7919106964437384e-6,4.341593307316265e-6,4.384221667187766e-6,,
3.7908075425800903e-6,4.341535578602402e-6,4.384199246646991e-6,,
3.789703992990101e-6,4.341478533108923e-6,4.3841768551124715e-6,,
3.7886001289230847e-6,4.341422168909236e-6,4.384154462437905e-6,,
3.7874962187174413e-6,4.341365939276386e-6,4.38413209915509e-6,,
3.7863922404946826e-6,4.34131065524857e-6,4.384109762805138e-6,,
3.7852878605817227e-6,4.341255257655657e-6,4.384087441430431e-6,,
3.7841831363830486e-6,4.3411991125348016e-6,4.38406512559634e-6,,
3.783078098841717e-6,4.341142825053204e-6,4.384042818057622e-6,,
3.7819729962634046e-6,4.341085947389394e-6,4.384020538498421e-6,,
3.780867808096173e-6,4.341028649594273e-6,4.383998285576078e-6,,
3.779762242687896e-6,4.340972022476117e-6,4.383976039452895e-6,,
3.7786563627944905e-6,4.340916063184885e-6,4.3839538080722435e-6,,
3.7775501923673355e-6,4.340860239650851e-6,4.383931563705821e-6,,
3.7764438870858222e-6,4.3408053581258295e-6,4.383909354286723e-6,,
3.7753375751441867e-6,4.340750369053016e-6,4.3838871750695976e-6,,
3.7742308142092938e-6,4.340694643840787e-6,4.3838649937381604e-6,,
3.773123710015911e-6,4.340638780537686e-6,4.383842842165383e-6,,
3.7720163241406346e-6,4.340582325570631e-6,4.383820708686924e-6,,
3.7709087848957884e-6,4.3405254491671786e-6,4.383798595498038e-6,,
3.769801243793566e-6,4.340469231265963e-6,4.383776496495376e-6,,
3.7686933297132177e-6,4.3404136679792706e-6,4.383754436651627e-6,,
3.767585050480931e-6,4.340358241467662e-6,4.383732373338826e-6,,
3.766476439848907e-6,4.3403037533681e-6,4.383710349814949e-6,,
3.765367781946639e-6,4.340249163643447e-6,4.383688339415275e-6,,
3.7642590231996925e-6,4.3401938490896605e-6,4.3836663632143604e-6,,
3.763149923585032e-6,4.34013840062989e-6,4.383644400456695e-6,,
3.762040459143435e-6,4.340082359097891e-6,4.383622462508008e-6,,
3.7609306865327786e-6,4.340025894910114e-6,4.383600542655426e-6,,
3.759820839762024e-6,4.339970077417663e-6,4.383578646547598e-6,,
3.7587109540876787e-6,4.339914901574442e-6,4.383556757359317e-6,,
3.757600679215612e-6,4.339859863352878e-6,4.383534874967472e-6,,
3.756490021156501e-6,4.339805759919989e-6,4.383513020229887e-6,,
3.7553790348029542e-6,4.339751560667414e-6,4.383491176920434e-6,,
3.7542679747047037e-6,4.339696647818001e-6,4.3834693567663e-6,,
3.753156825478775e-6,4.339641605216937e-6,4.383447560233075e-6,,
3.75204534188371e-6,4.339585968213408e-6,4.383425780293688e-6,,
3.7509335310120907e-6,4.3395299073982544e-6,4.383404005615198e-6,,
3.7498213420395757e-6,4.339474481833067e-6,4.3833822418073025e-6,,
3.7487090874590468e-6,4.3394196852003416e-6,4.383360500449392e-6,,
3.7475967900778147e-6,4.339365026867041e-6,4.38333878454842e-6,,
3.7464841169440293e-6,4.339311299648956e-6,4.383317086806682e-6,,
3.745371113295518e-6,4.33925748228148e-6,4.383295408069996e-6,,
3.7442577338977577e-6,4.339202962465009e-6,4.383273736243415e-6,,
3.7431442453494685e-6,4.3391483170592325e-6,4.383252066569866e-6,,
3.742030671181565e-6,4.339093076009951e-6,4.383230424629034e-6,,
3.740916813753943e-6,4.339037410041339e-6,4.383208799355384e-6,,
3.7398025410108407e-6,4.33898236823031e-6,4.3831871771136695e-6,,
3.7386879480030584e-6,4.338927942888205e-6,4.3831655761537164e-6,,
3.737573290962375e-6,4.338873656358449e-6,4.383144011928101e-6,,
3.73645849763135e-6,4.338820297204449e-6,4.3831224450185615e-6,,
3.7353434319879967e-6,4.338766853420613e-6,4.3831009069897785e-6,,
3.734227999735079e-6,4.338712718225646e-6,4.383079396013967e-6,,
3.7331122038903424e-6,4.338658461650383e-6,4.383057898374245e-6,,
3.7319963888640664e-6,4.338603608293257e-6,4.3830364028340334e-6,,
3.730880445126433e-6,4.338548328950592e-6,4.383014930839267e-6,,
3.7297641788369644e-6,4.338493663006429e-6,4.3829934760868385e-6,,
3.7286475503353332e-6,4.338439601330401e-6,4.382972049802859e-6,,
3.727530560897163e-6,4.338385678823176e-6,4.38295063508788e-6,,
3.726413456894273e-6,4.338332679871803e-6,4.3829292495904325e-6,,
3.7252963231159512e-6,4.338279601645576e-6,4.382907875907823e-6,,
3.7241787734115808e-6,4.33822584291235e-6,4.382886529283996e-6,,
3.723060918147364e-6,4.3381719670779345e-6,4.3828651953095084e-6,,
3.721942801126694e-6,4.338117493444477e-6,4.382843863156806e-6,,
3.7208245693601e-6,4.338062592795536e-6,4.38282254938909e-6,,
3.7197062120272497e-6,4.338008295100726e-6,4.3828012462520646e-6,,
3.71858759065968e-6,4.337954589747681e-6,4.3827799345947756e-6,,
3.71746856958384e-6,4.337901023773868e-6,4.382758666378331e-6,,
3.7163491920430725e-6,4.3378483774441975e-6,4.382737421078379e-6,,
3.7152297011949528e-6,4.337795657021288e-6,4.382716195937097e-6,,
3.7141101837964057e-6,4.337742266835986e-6,4.382694982275716e-6,,
3.7129902632041e-6,4.337688763908485e-6,4.382673782803744e-6,,
3.711870000098258e-6,4.3376346623065534e-6,4.3826525950898495e-6,,
3.7107493833104295e-6,4.337580132694983e-6,4.382631433718926e-6,,
3.7096286543730418e-6,4.3375261958858e-6,4.38261028939083e-6,,
3.7085079002692756e-6,4.337472839774033e-6,4.382589161039554e-6,,
3.7073867909907994e-6,4.337419623126022e-6,4.382568033368749e-6,,
3.7062653357769254e-6,4.337367322109322e-6,4.382546928297327e-6,,
3.7051435807185203e-6,4.337314951998534e-6,4.382525845016991e-6,,
3.7040216682754867e-6,4.337261922686769e-6,4.382504774530806e-6,,
3.7028996796339385e-6,4.337208785068887e-6,4.3824837281216824e-6,,
3.701777391483452e-6,4.337155048061939e-6,4.382462699010042e-6,,
3.70065467164049e-6,4.337100882095444e-6,4.382441683070201e-6,,
3.699531603260853e-6,4.337047299051027e-6,4.382420687553421e-6,,
3.69840847619682e-6,4.336994285343211e-6,4.382399707774608e-6,,
3.6972851853290084e-6,4.3369414110785415e-6,4.382378737374116e-6,,
3.6961616437340334e-6,4.336889448328351e-6,4.382357748381155e-6,,
3.6950377717289054e-6,4.336837421290217e-6,4.382336780723672e-6,,
3.693913507351262e-6,4.336784745415087e-6,4.382315814970912e-6,,
3.6927891847808494e-6,4.3367319657316155e-6,4.382294901778233e-6,,
3.6916647966725356e-6,4.3366785861282115e-6,4.3822739949635015e-6,,
3.690540010619943e-6,4.336624776662071e-6,4.382253113158671e-6,,
3.689414898249987e-6,4.336571540487567e-6,4.382232242971912e-6,,
3.6882893959293955e-6,4.336518862576812e-6,4.382211401249679e-6,,
3.687163791135275e-6,4.336466324006274e-6,4.3821905530546346e-6,,
3.6860381679842396e-6,4.336414692730621e-6,4.3821697423415464e-6,,
3.6849121566630156e-6,4.336363001772979e-6,4.382148931704512e-6,,
3.6837858673446648e-6,4.336310672127202e-6,4.3821281278245375e-6,,
3.682659189762345e-6,4.336258243218178e-6,4.3821073612118775e-6,,
3.681532462203812e-6,4.3362052140513e-6,4.382086600882808e-6,,
3.6804055675107206e-6,4.3361517541786115e-6,4.38206585487365e-6,,
3.679278340032961e-6,4.336098858200438e-6,4.382045089606636e-6,,
3.6781507411013743e-6,4.336046509692251e-6,4.382024353884581e-6,,
3.6770228546265594e-6,4.335994300367555e-6,4.382003650977192e-6,,
3.6758948673131675e-6,4.335942994018085e-6,4.381982951712971e-6,,
3.674766722154698e-6,4.3358916323856604e-6,4.38196228809592e-6,,
3.6736382474877464e-6,4.3358396419910685e-6,4.381941644860446e-6,,
3.6725094576710397e-6,4.335787556899481e-6,4.381921010332793e-6,,
3.6713803297111234e-6,4.335734871413679e-6,4.381900384056162e-6,,
3.6702511098314076e-6,4.33568175444884e-6,4.3818797718627004e-6,,
3.6691217788827063e-6,4.335629192203627e-6,4.381859184532726e-6,,
3.6679921207027422e-6,4.335577166906059e-6,4.381838599280529e-6,,
3.6668620982274656e-6,4.335525280601916e-6,4.381818024292703e-6,,
3.6657316946214828e-6,4.335474292867102e-6,4.381797461635896e-6,,
3.6646011929329692e-6,4.3354232540356e-6,4.3817768991901516e-6,,
3.663470687215735e-6,4.335371596134523e-6,4.381756366858403e-6,,
3.6623397590739625e-6,4.335319848101259e-6,4.381735851524365e-6,,
3.6612085233369166e-6,4.3352674997408554e-6,4.381715355786563e-6,,
3.66007696100545e-6,4.335214719214273e-6,4.381694882377064e-6,,
3.6589453003295596e-6,4.335162484438115e-6,4.381674425453675e-6,,
3.6578134857519735e-6,4.335110776346864e-6,4.38165398231796e-6,,
3.6566813499827108e-6,4.335059207051147e-6,4.381633542906979e-6,,
3.6555489098307867e-6,4.335008531841369e-6,4.3816131247863094e-6,,
3.654416047039806e-6,4.334957809509295e-6,4.381592722772227e-6,,
3.653283088218157e-6,4.334906477560781e-6,4.3815723164401205e-6,,
3.6521500760159137e-6,4.334855060024897e-6,4.381551928026408e-6,,
3.6510167448243693e-6,4.33480304241779e-6,4.381531547343419e-6,,
3.6498830143279305e-6,4.334750592059832e-6,4.381511186469297e-6,,
3.6487489162332927e-6,4.334698678682016e-6,4.381490844532983e-6,,
3.6476147227672842e-6,4.334647281971823e-6,4.3814705252820205e-6,,
3.646480477576738e-6,4.334596023868405e-6,4.381450204691449e-6,,
3.645345871150977e-6,4.334545655312519e-6,4.381429902755788e-6,,
3.6442109675242713e-6,4.334495243393263e-6,4.381409616669494e-6,,
3.64307564569459e-6,4.33444423106543e-6,4.381389342175183e-6,,
3.6419402819004237e-6,4.334393137654102e-6,4.3813690902578855e-6,,
3.6408047768366643e-6,4.334341444607664e-6,4.381348853754798e-6,,
3.639668906731457e-6,4.334289318340446e-6,4.3813286205201e-6,,
3.638532697421011e-6,4.334237720473138e-6,4.3813084145601566e-6,,
3.6373962229501293e-6,4.334186629488173e-6,4.381288224222788e-6,,
3.63625960808975e-6,4.334135676944663e-6,4.381268010071525e-6,,
3.635122898543766e-6,4.334085609373846e-6,4.381247821493295e-6,,
3.633985825504372e-6,4.334035501990519e-6,4.381227648367192e-6,,
3.6328484172448386e-6,4.333984803153407e-6,4.381207487265134e-6,,
3.631710647642021e-6,4.33393402768397e-6,4.381187346546455e-6,,
3.630572738726205e-6,4.333882653173549e-6,4.3811672208785195e-6,,
3.6294347369114974e-6,4.333830845099748e-6,4.381147107489851e-6,,
3.6282963752119655e-6,4.333779557032498e-6,4.381127007277356e-6,,
3.6271577348013617e-6,4.333728766280063e-6,4.3811069302407325e-6,,
3.626018682264778e-6,4.3336781138359514e-6,4.381086859476964e-6,,
3.624879545161574e-6,4.3336283417771854e-6,4.381066804776275e-6,,
3.623740316729129e-6,4.333578533250794e-6,4.381046748804114e-6,,
3.6226007380611107e-6,4.333528141973538e-6,4.381026723532141e-6,,
3.6214608310523427e-6,4.333477678446772e-6,4.3810067218532444e-6,,
3.620320567426118e-6,4.333426616608269e-6,4.380986736146394e-6,,
3.6191801665516046e-6,4.333375121002009e-6,4.380966751049963e-6,,
3.6180396756783797e-6,4.3333241371962654e-6,4.380946783741494e-6,,
3.6168988902419567e-6,4.333273641338261e-6,4.3809268303954475e-6,,
3.61575768149808e-6,4.33322328369085e-6,4.3809068805282235e-6,,
3.6146161637833864e-6,4.3331738018543865e-6,4.380886938629302e-6,,
3.6134745630108534e-6,4.333124286700385e-6,4.380867024298944e-6,,
3.612332828196528e-6,4.333074197242081e-6,4.38084712855947e-6,,
3.611190794384825e-6,4.333024039838236e-6,4.380827239245366e-6,,
3.6100483933013314e-6,4.332973284968692e-6,4.380807349345514e-6,,
3.608905638820227e-6,4.3329220962637425e-6,4.380787478777589e-6,,
3.6077627489028198e-6,4.332871411339668e-6,4.380767628376728e-6,,
3.606619726285629e-6,4.332821205190559e-6,4.380747793051858e-6,,
3.6054764149450828e-6,4.332771137187656e-6,4.380727958439819e-6,,
3.604332740225216e-6,4.332721940457542e-6,4.3807081378559205e-6,,
3.603188760592559e-6,4.3326727133747295e-6,4.380688326365167e-6,,
3.6020446531230833e-6,4.332622920177916e-6,4.38066853258792e-6,,
3.6009004141333316e-6,4.332573063250903e-6,4.380648749258808e-6,,
3.5997558808157193e-6,4.33252260980352e-6,4.380628977081916e-6,,
3.5986109866791718e-6,4.332471722587663e-6,4.380609223615962e-6,,
3.597465743572606e-6,4.332421331324719e-6,4.3805894674748476e-6,,
3.596320320976001e-6,4.332371409842157e-6,4.380569729977251e-6,,
3.595174822492244e-6,4.332321626471647e-6,4.380550027470547e-6,,
3.594028986360836e-6,4.332272709891631e-6,4.380530335097686e-6,,
3.592882793618918e-6,4.332223765757598e-6,4.380510593682352e-6,,
3.5917362547807614e-6,4.332174263445043e-6,4.380490896363129e-6,,
3.590589590518769e-6,4.332124701518629e-6,4.380471213470956e-6,,
3.589442797901221e-6,4.332074544098674e-6,4.380451546170507e-6,,
3.588295670570885e-6,4.332023953103389e-6,4.380431908382179e-6,,
3.587148190050203e-6,4.331973850428879e-6,4.380412267008001e-6,,
3.5860003656590217e-6,4.331924208709291e-6,4.3803926305086655e-6,,
3.5848524699897796e-6,4.331874705093552e-6,4.380373018617317e-6,,
3.5837044471526343e-6,4.331826063860952e-6,4.380353413482576e-6,,
3.582556038952643e-6,4.3317773977189995e-6,4.380333827815156e-6,,
3.581407334654327e-6,4.331728181086715e-6,4.380314261508422e-6,,
3.5802582416798916e-6,4.331678908847474e-6,4.3802946971842305e-6,,
3.5791090706571593e-6,4.331629042209835e-6,4.380275154491651e-6,,
3.577959781352108e-6,4.331578742307083e-6,4.380255614769506e-6,,
3.5768101623361273e-6,4.331528923290795e-6,4.380236083283594e-6,,
3.5756601968264945e-6,4.331479556566441e-6,4.38021657145021e-6,,
3.5745098450645154e-6,4.331430327954569e-6,4.380197050420068e-6,,
3.5733593707586643e-6,4.331381957406621e-6,4.380177549569408e-6,,
3.5722087729627854e-6,4.331333564462455e-6,4.380158075965456e-6,,
3.571057802650574e-6,4.331284628472849e-6,4.380138610761821e-6,,
3.5699065432786654e-6,4.331235640767496e-6,4.380119156993983e-6,,
3.568754899266028e-6,4.331186059815103e-6,4.38009972412752e-6,,
3.5676031331139956e-6,4.331136046010485e-6,4.38008028699488e-6,,
3.5664512986701943e-6,4.331086505858525e-6,4.380060863275017e-6,,
3.565299094250647e-6,4.331037409492762e-6,4.3800414645883026e-6,,
3.564146603104399e-6,4.330988451257836e-6,4.38002206746455e-6,,
3.5629937281262377e-6,4.3309403468604855e-6,4.380002683432132e-6,,
3.561840684982788e-6,4.330892222473157e-6,4.379983302001845e-6,,
3.560687567621591e-6,4.330843562249345e-6,4.379963920698468e-6,,
3.5595340363793833e-6,4.330794854078633e-6,4.3799445659313085e-6,,
3.5583801763102446e-6,4.330745553856333e-6,4.379925234147282e-6,,
3.557226035919492e-6,4.330695821284834e-6,4.379905912057828e-6,,
3.556071721007318e-6,4.330646555333349e-6,4.379886608144317e-6,,
3.5549172944707478e-6,4.330597724815588e-6,4.379867312433939e-6,,
3.5537625031203606e-6,4.330549032448765e-6,4.37984802359855e-6,,
3.5526074330369707e-6,4.330501189792404e-6,4.379828748172245e-6,,
3.551451983940864e-6,4.330453329463323e-6,4.379809480136079e-6,,
3.5502963688553712e-6,4.330404940282899e-6,4.3797902317518915e-6,,
3.549140643782487e-6,4.330356506795599e-6,4.379770986091025e-6,,
3.5479846024672996e-6,4.330307482490934e-6,4.379751764170306e-6,,
3.546828238957549e-6,4.330258026412568e-6,4.379732541460227e-6,,
3.5456714988277184e-6,4.330209030122556e-6,4.379713339051265e-6,,
3.544514593324686e-6,4.330160461064281e-6,4.379694147338777e-6,,
3.54335757909146e-6,4.330112030170325e-6,4.379674969769045e-6,,
3.5422002508080593e-6,4.330064444959106e-6,4.379655801762929e-6,,
3.541042557354331e-6,4.330016844328254e-6,4.3796366478905755e-6,,
3.5398844890660056e-6,4.329968721616856e-6,4.379617509316351e-6,,
3.5387262561325162e-6,4.329920558105878e-6,4.37959837248281e-6,,
3.537568016318027e-6,4.329871805040164e-6,4.37957924622308e-6,,
3.536409372298753e-6,4.329822620842161e-6,4.3795601213471955e-6,,
3.535250405668268e-6,4.3297738897945195e-6,4.379541009212177e-6,,
3.5340910735144072e-6,4.329725577923889e-6,4.379521904924523e-6,,
3.532931631023924e-6,4.329677404220944e-6,4.379502820757414e-6,,
3.5317720281988304e-6,4.329630072266681e-6,4.379483752709456e-6,,
3.5306121703464716e-6,4.329582727099876e-6,4.37946470157065e-6,,
3.5294518994825703e-6,4.329534866427196e-6,4.379445663749645e-6,,
3.528291265007475e-6,4.32948696832589e-6,4.379426603483001e-6,,
3.527130513639838e-6,4.32943848195128e-6,4.379407565093822e-6,,
3.5259696571201975e-6,4.329389565140173e-6,4.379388558153935e-6,,
3.524808401400676e-6,4.329341095028122e-6,4.379369567203324e-6,,
3.5236468373603515e-6,4.329293036186279e-6,4.379350560721883e-6,,
3.522484858340496e-6,4.329245115501477e-6,4.379331548393996e-6,,
3.5213227708201823e-6,4.329198032717213e-6,4.3793125579777965e-6,,
3.520160579083387e-6,4.3291509389007565e-6,4.379293598376538e-6,,
3.5189979912141804e-6,4.329103335970833e-6,4.379274633789418e-6,,
3.5178351460330265e-6,4.329055698848185e-6,4.379255695556501e-6,,
3.5166719415216557e-6,4.32900747474407e-6,4.379236768467421e-6,,
3.5155085747493366e-6,4.328958820946184e-6,4.3792178558472096e-6,,
3.514345105197466e-6,4.328910607572439e-6,4.37919894975457e-6,,
3.513181294809579e-6,4.3288627977111255e-6,4.379180049981228e-6,,
3.5120170817129735e-6,4.328815125976271e-6,4.379161176474674e-6,,
3.510852558444086e-6,4.3287682883746275e-6,4.37914230396671e-6,,
3.5096878803414603e-6,4.328721441906524e-6,4.379123436126533e-6,,
3.5085231005128906e-6,4.328674092551059e-6,4.379104576043091e-6,,
3.507357928704935e-6,4.328626712106158e-6,4.379085724087943e-6,,
3.5061924596500807e-6,4.328578745977333e-6,4.379066890709548e-6,,
3.5050266349811646e-6,4.328530350934146e-6,4.3790480716549796e-6,,
3.503860601779736e-6,4.328482390209006e-6,4.37902927012014e-6,,
3.5026945227386675e-6,4.3284348253841925e-6,4.379010471761516e-6,,
3.5015280542715606e-6,4.3283873986346455e-6,4.378991695350046e-6,,
3.5003612910843122e-6,4.3283408023211315e-6,4.378972919066157e-6,,
3.499194127331071e-6,4.328294199304529e-6,4.378954160469941e-6,,
3.4980268027720708e-6,4.328247099481297e-6,4.378935385116782e-6,,
3.4968593794519197e-6,4.328199971540885e-6,4.3789166245475635e-6,,
3.4956916237196803e-6,4.3281522592093044e-6,4.378897890327358e-6,,
3.494523529308745e-6,4.328104118775555e-6,4.37887916086308e-6,,
3.493355083136774e-6,4.328056406711607e-6,4.378860448373467e-6,,
3.4921864293871284e-6,4.328009083081857e-6,4.378841752295703e-6,,
3.4910176776205005e-6,4.327961897453538e-6,4.378823032507606e-6,,
3.4898485487195684e-6,4.327915538625354e-6,4.378804330669346e-6,,
3.4886790861902867e-6,4.327869175261017e-6,4.378785661555502e-6,,
3.4875092742560183e-6,4.327822321043594e-6,4.378767002514826e-6,,
3.486339357037248e-6,4.327775441555257e-6,4.378748356448406e-6,,
3.485169295982713e-6,4.327727978957999e-6,4.378729703311634e-6,,
3.4839988603346887e-6,4.327680089097891e-6,4.378711080645691e-6,,
3.4828280861405214e-6,4.3276326218085424e-6,4.378692465699513e-6,,
3.481656971594361e-6,4.327585535629803e-6,4.378673870837177e-6,,
3.480485650546918e-6,4.327538587354608e-6,4.378655282220398e-6,,
3.4793142886547557e-6,4.327492462297774e-6,4.378636711167661e-6,,
3.4781425000532985e-6,4.32744633487802e-6,4.378618140297548e-6,,
3.4769704385147453e-6,4.327399722450827e-6,4.3785995788162685e-6,,
3.475797976642355e-6,4.327353087479069e-6,4.378581031481857e-6,,
3.4746253634132567e-6,4.327305870665759e-6,4.378562492707547e-6,,
3.4734526090541815e-6,4.327258227450938e-6,4.378543954807566e-6,,
3.4722794854503935e-6,4.32721100114727e-6,4.3785254313477825e-6,,
3.4711060381303683e-6,4.327164148770377e-6,4.378506903426042e-6,,
3.4699322470332585e-6,4.327117434176458e-6,4.378488405401816e-6,,
3.4687583048902584e-6,4.327071539262013e-6,4.378469915333827e-6,,
3.4675842223882043e-6,4.3270256441660605e-6,4.378451420922222e-6,,
3.4664098273882296e-6,4.326979269819191e-6,4.378432953154094e-6,,
3.46523511152455e-6,4.326932875542736e-6,4.378414495637052e-6,,
3.4640600060128385e-6,4.326885900668914e-6,4.378396037789558e-6,,
3.4628847420432074e-6,4.326838500273874e-6,4.378377582827491e-6,,
3.4617093458362144e-6,4.326791511262573e-6,4.378359152789781e-6,,
3.460533584046227e-6,4.3267448891278775e-6,4.378340727621403e-6,,
3.459357552120899e-6,4.326698404634535e-6,4.378322311574399e-6,,
3.458181140353445e-6,4.326652736321255e-6,4.378303897185337e-6,,
3.457004523359615e-6,4.326607070010088e-6,4.3782855036576284e-6,,
3.4558277680372486e-6,4.326560930128959e-6,4.3782671342458e-6,,
3.4546506495435874e-6,4.326514772835494e-6,4.378248770570638e-6,,
3.4534732720063757e-6,4.3264680361609825e-6,4.378230409215773e-6,,
3.4522954543217596e-6,4.3264208748597544e-6,4.378212063637717e-6,,
3.4511174406122405e-6,4.3263741195403405e-6,4.378193726009476e-6,,
3.4499393449011636e-6,4.32632772417877e-6,4.3781753914477095e-6,,
3.4487608883825894e-6,4.326281466294336e-6,4.37815708431775e-6,,
3.447582128566218e-6,4.326236021119759e-6,4.37813878842061e-6,,
3.446402985387179e-6,4.326190580135612e-6,4.378120494581113e-6,,
3.4452236387606894e-6,4.326144671200576e-6,4.378102216137467e-6,,
3.4440441641310005e-6,4.326098747280856e-6,4.378083943780446e-6,,
3.442864378108374e-6,4.326052245167522e-6,4.378065676580742e-6,,
3.441684291499986e-6,4.326005319330107e-6,4.378047427051031e-6,,
3.4405038226147376e-6,4.325958794193186e-6,4.378029178975386e-6,,
3.4393232046803624e-6,4.32591262221941e-6,4.378010944688977e-6,,
3.438142356715932e-6,4.325866587538315e-6,4.3779927268721826e-6,,
3.4369612548177575e-6,4.3258213621228294e-6,4.3779745238330225e-6,,
3.435779800293637e-6,4.325776143083132e-6,4.377956322881407e-6,,
3.434597973160857e-6,4.32573046165972e-6,4.377938128308375e-6,,
3.433415943651226e-6,4.3256847676039525e-6,4.377919941154905e-6,,
3.432233780799148e-6,4.325638496511911e-6,4.377901762104966e-6,,
3.4310512710347034e-6,4.3255918026015715e-6,4.377883598211469e-6,,
3.4298684122402534e-6,4.325545504226225e-6,4.377865443984689e-6,,
3.428685230577868e-6,4.325499552338334e-6,4.377847303816469e-6,,
3.427501854423183e-6,4.325453737539431e-6,4.377829165056074e-6,,
3.426318353125805e-6,4.325408728584193e-6,4.3778110394488095e-6,,
3.4251344992320124e-6,4.3253637281775125e-6,4.377792925681467e-6,,
3.4239502988663276e-6,4.3253182709135745e-6,4.377774815376875e-6,,
3.4227657297586702e-6,4.325272803308071e-6,4.3777567246889656e-6,,
3.4215809671720803e-6,4.325226759790814e-6,4.377738641476827e-6,,
3.420396072690667e-6,4.325180294360161e-6,4.377720567857905e-6,,
3.4192107806043253e-6,4.32513421941163e-6,4.3777025024399815e-6,,
3.4180252006054605e-6,4.32508848438681e-6,4.377684437031823e-6,,
3.4168393005156884e-6,4.325042886230257e-6,4.377666392158979e-6,,
3.4156532067437403e-6,4.324998090514012e-6,4.377648341814499e-6,,
3.414466990160221e-6,4.324953305500437e-6,4.377630297116061e-6,,
3.4132803775296657e-6,4.324908069120862e-6,4.3776122823966135e-6,,
3.4120934244455243e-6,4.32486282464294e-6,4.377594272061938e-6,,
3.410906105987834e-6,4.324817005344487e-6,4.377576255323915e-6,,
3.409718697922913e-6,4.3247707650335885e-6,4.3775582377044115e-6,,
3.408531065464812e-6,4.3247249102600436e-6,4.377540246245059e-6,,
3.407343087105942e-6,4.324679388955081e-6,4.377522270571084e-6,,
3.4061548338109934e-6,4.3246340042800615e-6,4.377504322066543e-6,,
3.4049662080774318e-6,4.3245894186562545e-6,4.377486369969668e-6,,
3.4037773427568783e-6,4.324544845866224e-6,4.377468421762072e-6,,
3.40258813705488e-6,4.324499827168464e-6,4.377450486980182e-6,,
3.4013987620239275e-6,4.32445480258058e-6,4.377432530816147e-6,,
3.4002091999905793e-6,4.324409204233856e-6,4.377414605889233e-6,,
3.3990192736995064e-6,4.3243631857667e-6,4.377396689865125e-6,,
3.397828994362093e-6,4.324317547995898e-6,4.377378786931538e-6,,
3.3966384451414416e-6,4.324272237345112e-6,4.3773608892557986e-6,,
3.3954476810280734e-6,4.324227063067484e-6,4.377342990232977e-6,,
3.394256677904466e-6,4.324182684463369e-6,4.377325119847941e-6,,
3.3930653671820435e-6,4.324138320795572e-6,4.3773072499996225e-6,,
3.3918737029922006e-6,4.324093516648128e-6,4.377289390834217e-6,,
3.3906817213046338e-6,4.324048708793386e-6,4.377271553917837e-6,,
3.389489575327605e-6,4.324003328215253e-6,4.377253725099612e-6,,
3.3882973038248135e-6,4.323957528395886e-6,4.377235898796077e-6,,
3.3871045589482982e-6,4.323912104536629e-6,4.377218088292049e-6,,
3.385911516178472e-6,4.323867001548005e-6,4.377200262379904e-6,,
3.3847181577822257e-6,4.323822034654632e-6,4.377182453356681e-6,,
3.3835246449586964e-6,4.323777860072676e-6,4.377164651396747e-6,,
3.3823309537109606e-6,4.323733702492204e-6,4.377146880955467e-6,,
3.3811368463257385e-6,4.323689109826595e-6,4.377129114574962e-6,,
3.379942441078754e-6,4.323644515627457e-6,4.377111358526908e-6,,
3.378747672539608e-6,4.32359934971843e-6,4.3770936101488935e-6,,
3.3775527444616784e-6,4.3235537654297425e-6,4.377075869378966e-6,,
3.3763575936337943e-6,4.323508552463142e-6,4.3770581428292766e-6,,
3.3751620837881507e-6,4.3234636542172824e-6,4.377040431693499e-6,,
3.3739662763135054e-6,4.323418891769684e-6,4.377022735702e-6,,
3.372770099064991e-6,4.32337491828097e-6,4.377005054378419e-6,,
3.3715737729088907e-6,4.3233309638190685e-6,4.376987374775857e-6,,
3.370377227516814e-6,4.3232865796320825e-6,4.376969703949477e-6,,
3.369180276862223e-6,4.323242196081303e-6,4.3769520433255406e-6,,
3.3679830773761844e-6,4.323197241820995e-6,4.376934370653249e-6,,
3.366785461308421e-6,4.3231518700215854e-6,4.376916709597682e-6,,
3.365587698855325e-6,4.323106865002206e-6,4.376899063194715e-6,,
3.364389823929717e-6,4.323062168651542e-6,4.376881423129832e-6,,
3.3631914890224834e-6,4.3230176077804705e-6,4.376863799838092e-6,,
3.361992856873008e-6,4.322973832525135e-6,4.376846191575956e-6,,
3.3607938638745344e-6,4.322930078277182e-6,4.3768285880504824e-6,,
3.3595946708422768e-6,4.322885899627757e-6,4.376810983448659e-6,,
3.3583953211551766e-6,4.3228417237883854e-6,4.376793397363788e-6,,
3.3571955610449966e-6,4.322796978231674e-6,4.3767758193003865e-6,,
3.3559955107623218e-6,4.322751815954309e-6,4.376758248064641e-6,,
3.3547951485474203e-6,4.322707016005863e-6,4.376740665371792e-6,,
3.353594588309434e-6,4.322662518768494e-6,4.3767231093741555e-6,,
3.352393770247076e-6,4.322618156673554e-6,4.376705566442452e-6,,
3.3511926556440838e-6,4.322574576859523e-6,4.376688037414712e-6,,
3.349991243163188e-6,4.322531019984887e-6,4.376670508314452e-6,,
3.348789414811457e-6,4.322487043989539e-6,4.376652998944192e-6,,
3.3475874466773506e-6,4.322443072989774e-6,4.376635498068096e-6,,
3.3463852716466642e-6,4.322398533265056e-6,4.3766180114204815e-6,,
3.3451826968559324e-6,4.322353577614258e-6,4.376600530016582e-6,,
3.343979824659218e-6,4.322308979927392e-6,4.376583032534997e-6,,
3.3427766500268096e-6,4.322264679090722e-6,4.376565554960811e-6,,
3.3415732258820998e-6,4.322220513038456e-6,4.376548080346976e-6,,
3.34036960590135e-6,4.322177125937596e-6,4.376530615640297e-6,,
3.3391656432572402e-6,4.322133763657258e-6,4.376513171536978e-6,,
3.3379612784384564e-6,4.322089987491217e-6,4.376495732007198e-6,,
3.3367566122621877e-6,4.322046218521548e-6,4.376478314439788e-6,,
3.3355517550209296e-6,4.322001881827627e-6,4.3764609026432734e-6,,
3.3343467535455338e-6,4.321957129974517e-6,4.3764435065308146e-6,,
3.3331413065234727e-6,4.321912731805043e-6,4.376426123184651e-6,,
3.3319355616682814e-6,4.321868624720691e-6,4.376408732961879e-6,,
3.330729459411301e-6,4.321824652036988e-6,4.376391351305902e-6,,
3.3295231683620996e-6,4.321781454986565e-6,4.376373991122774e-6,,
3.3283166881855522e-6,4.321738284584943e-6,4.37635663035044e-6,,
