AMG,Gradient Queue,Random,Newton,BFGS,GDLS
31.15389200423234,31.15389200423234,4.639426214066547,4.639426214066862,4.639426214066862,43.89852092322489
14.167637725163114,14.167675347339218,1370.789849879784,1370.7898494461933,4.584573423393192,45.46014402202006
31.093856312573752,31.09357501318567,0.47311037878326084,0.47311037910611076,29.902849392854748,3.2789770922881423
4.579863092154663,4.579905016353677,25.027445535778252,25.027445596714944,10.150463521097322,3.3509138580422793
86.10273434638326,86.10009134440473,8.608842843361034e-6,8.608633546541686e-6,12.159984189155029,3.4129600330310743
1.7003267751255597,1.700343886077944,8.286153640436625e-9,8.285705791275366e-9,19.652679673588334,3.4655605102782374
307.9531469988693,307.958077501748,,,10.736588880993093,3.5063757616506517
0.034659795509534325,0.0346626154188625,,,15.59534459550032,3.5357514479062138
0.13435556393148426,0.13437742826460272,,,2.2340556661559696,3.552266622742193
6.04989527116133e-9,6.057815361101229e-9,,,7.39728488878794,3.5561039672198205
,,,,7.121193114643564,3.5469351150432082
,,,,2.5067396743317305,3.524744984130872
,,,,3.897575043532588,3.4903554745152774
,,,,6.992893798771686,3.4435587432279737
,,,,3.482007325823786,3.3862559148836975
,,,,5.903406571243408,3.318090497618751
,,,,1.0694607926972886,3.241851609799139
,,,,5.185827317230141,3.157104538511668
,,,,3.0925156027426954,3.0672424054334178
,,,,7.672916828556044,2.971826645168466
,,,,3.0996929285356263,2.874517188756421
,,,,2.3229882256327548,2.774923302259964
,,,,3.3927265007192604,2.6766242561346343
,,,,0.9734567050810745,2.5792829865119873
,,,,1.973268455396273,5.548353210118452
,,,,0.17921569910644986,5.1396742428037
,,,,0.8109660895656735,4.754849136754461
,,,,0.09298269759719166,4.381080626187068
,,,,0.013910328050684638,4.035880696253984
,,,,0.006620497763821623,3.7095026997047116
,,,,9.73950567371756e-5,60.47463961349604
,,,,3.6075034078290334e-6,42.28007401318829
,,,,6.487546367787625e-8,32.260732291620094
,,,,4.777848067469552e-9,23.344062859964655
,,,,,17.64806525680753
,,,,,12.956939930013972
,,,,,9.73850072213473
,,,,,7.201795544030731
,,,,,5.394991204366595
,,,,,4.005638127982695
,,,,,2.995690301348728
,,,,,2.229692825259131
,,,,,1.6665997999990039
,,,,,1.24281686333221
,,,,,0.9294409069589162
,,,,,0.6947593675716893
,,,,,0.5208721514691087
,,,,,0.3913235294569534
,,,,,0.2956495583636502
,,,,,0.22512215724793727
,,,,,0.17380695739220034
,,,,,0.1369855847650525
,,,,,0.11124099479169526
,,,,,0.09379736888303304
,,,,,0.18020682913822464
,,,,,0.14159983075678853
,,,,,0.11444189343254392
,,,,,0.09589753001820812
,,,,,0.1876296947906069
,,,,,0.14697926080907664
,,,,,0.11820703892159974
,,,,,0.09840293102187468
,,,,,0.1961961139755344
,,,,,0.15321955631872322
,,,,,0.122612709599284
,,,,,0.10137377624300803
,,,,,0.08715735940497987
,,,,,0.16046722811229236
,,,,,0.12777255529949325
,,,,,0.10489756564142955
,,,,,0.08943439874021271
,,,,,0.16882578203720383
,,,,,0.1337716082200929
,,,,,0.10904429308062533
,,,,,0.09216023488335279
,,,,,0.178447629578095
,,,,,0.14073092480271573
,,,,,0.11391050771825054
,,,,,0.09541111580437231
,,,,,0.18950994573338356
,,,,,0.1487909139949
,,,,,0.11960828651924592
,,,,,0.09927624141447304
,,,,,0.08556735779941377
,,,,,0.157997106926246
,,,,,0.12618387590381278
,,,,,0.1038016031809573
,,,,,0.0885303945196996
,,,,,0.16862906157801258
,,,,,0.13385080095691496
,,,,,0.10915030520904566
,,,,,0.09209652519840893
,,,,,0.18090083573484012
,,,,,0.14277908229481548
,,,,,0.11545902075369463
,,,,,0.09637533096213637
,,,,,0.08349840205116497
,,,,,0.15319674960266746
,,,,,0.12290814799931825
,,,,,0.1015098732250591
,,,,,0.0868762119168081
,,,,,0.16531646810722914
,,,,,0.1316698771219754
,,,,,0.10764120344768485
,,,,,0.09098940065888432
,,,,,0.17941151288501817
,,,,,0.14196190632177866
,,,,,0.11494512516295351
,,,,,0.09598029759558974
,,,,,0.08307893444921897
,,,,,0.1539287369779419
,,,,,0.12354731726338031
,,,,,0.10196006019616584
,,,,,0.08705728058858159
,,,,,0.16794445506795336
,,,,,0.13373938590402545
,,,,,0.10915832849956313
,,,,,0.09194405890927004
,,,,,0.18435140956856466
,,,,,0.1457939607455137
,,,,,0.11779635111861007
,,,,,0.09792015254714014
,,,,,0.08424866975045862
,,,,,0.1600677527001806
,,,,,0.12815900183582035
,,,,,0.10521586895204327
,,,,,0.08918809690288101
,,,,,0.17692152032399588
,,,,,0.1405371982433903
,,,,,0.11407047920081984
,,,,,0.09530659684719343
,,,,,0.082391161510644
,,,,,0.15518249795879227
,,,,,0.1246968530928278
,,,,,0.10278853732042219
,,,,,0.08745609278378251
,,,,,0.1725932224163771
,,,,,0.1374878515819952
,,,,,0.11194886018726455
,,,,,0.09379160343964126
,,,,,0.08128024214959999
,,,,,0.15287313998044638
,,,,,0.12313472062317302
,,,,,0.10168212189813704
,,,,,0.08663990996301348
,,,,,0.1713146704795824
,,,,,0.13672012716000928
,,,,,0.1114370378865582
,,,,,0.09341557344989902
,,,,,0.0809323411226905
,,,,,0.15305779448279333
,,,,,0.12335269669198175
,,,,,0.10186225054711441
,,,,,0.08670277293678515
,,,,,0.1727579833850065
,,,,,0.1379142071445345
,,,,,0.11237346045898387
,,,,,0.09404864111054692
,,,,,0.08128504583036164
,,,,,0.1556722443144665
,,,,,0.12539611631180134
,,,,,0.10333910595055576
,,,,,0.08768771173399979
,,,,,0.07690227708865588
,,,,,0.1413339867422073
,,,,,0.1149174329833088
,,,,,0.09585189879923728
,,,,,0.08244772418155807
,,,,,0.1608425725029759
,,,,,0.12931123360222188
,,,,,0.10621130581006039
,,,,,0.08966185025142911
,,,,,0.07815358288666903
,,,,,0.1471290401577281
,,,,,0.11926510333144708
,,,,,0.09896067743565451
,,,,,0.08455290105126896
,,,,,0.16906557890440838
,,,,,0.1355789309364909
,,,,,0.1108158985428781
,,,,,0.09291562926114223
,,,,,0.08030917892188472
,,,,,0.15573794339230285
,,,,,0.12571558770777458
,,,,,0.10365998581033625
,,,,,0.0878110203971077
,,,,,0.07675004400723837
,,,,,0.1444051384878427
,,,,,0.11739502570006226
,,,,,0.09763300141589942
,,,,,0.08354344256532165
,,,,,0.16769465409458437
,,,,,0.13478228837020612
,,,,,0.1103286965866364
,,,,,0.0925530478394611
,,,,,0.07995164064367835
,,,,,0.15652615325484703
,,,,,0.12648498329299562
,,,,,0.10428144795731428
,,,,,0.08820930816429329
,,,,,0.07689663594439665
,,,,,0.14697132117705397
,,,,,0.11944145080399238
,,,,,0.09914573088941447
,,,,,0.08454311465577372
,,,,,0.07431569433362938
,,,,,0.1387384577709308
,,,,,0.11335910301409538
,,,,,0.09474090899624305
,,,,,0.081396551309421
,,,,,0.16318617501906818
,,,,,0.13167519163129746
,,,,,0.1081795197329284
,,,,,0.09098459632551385
,,,,,0.07872480785927542
,,,,,0.1550925758547446
,,,,,0.12568156108515396
,,,,,0.10377232422225502
,,,,,0.08780662182014531
,,,,,0.07645733789560712
,,,,,0.1481188387903784
,,,,,0.12049323700789648
,,,,,0.09998372427392441
,,,,,0.08506634091994596
,,,,,0.07450641221274895
,,,,,0.1421872000313463
,,,,,0.1161184804892696
,,,,,0.09677669283535592
,,,,,0.08275667694631102
,,,,,0.07285185910351986
,,,,,0.1371180792373561
,,,,,0.11235900442309191
,,,,,0.09403879720660697
,,,,,0.08077433362984894
,,,,,0.07143117969681534
,,,,,0.13286768112926456
,,,,,0.10923637683549085
,,,,,0.0917515949089199
,,,,,0.07912269557444361
,,,,,0.1595432875910133
,,,,,0.12937570788929417
,,,,,0.10665324128663403
,,,,,0.08987197942629147
,,,,,0.07775294033688968
,,,,,0.15562896362871595
,,,,,0.12645844648289434
,,,,,0.10451913112423684
,,,,,0.08830563227561081
,,,,,0.07661273919901933
,,,,,0.1525325794148853
,,,,,0.12419365817436338
,,,,,0.10284760362759629
,,,,,0.08708772770388062
,,,,,0.07571223808495048
,,,,,0.15012862813655986
,,,,,0.12241573655860946
,,,,,0.10155718667998771
,,,,,0.08613453877067435
,,,,,0.07500575157496267
,,,,,0.14844303048666693
,,,,,0.12121313029818331
,,,,,0.10067444302565971
,,,,,0.08548917925153875
,,,,,0.07451106613708659
,,,,,0.14737971869707983
,,,,,0.12044871734503478
,,,,,0.10013672839615481
,,,,,0.08508411979764355
,,,,,0.07419364954590466
,,,,,0.14698540932901058
,,,,,0.12022360486065183
,,,,,0.09998312153490783
,,,,,0.08497123845861437
,,,,,0.0740788051083045
,,,,,0.1471872610328625
,,,,,0.12042136077396523
,,,,,0.10016571006882502
,,,,,0.08509501846323474
,,,,,0.07414071295447512
,,,,,0.14805283200551736
,,,,,0.12115876983579953
,,,,,0.10073679420309424
,,,,,0.0855177629165303
,,,,,0.07441291590172311
,,,,,0.1495286117800625
,,,,,0.1223344607404952
,,,,,0.10166060738926283
,,,,,0.08619311764696558
,,,,,0.07487690377368364
,,,,,0.1517050016454645
,,,,,0.12408529215325348
,,,,,0.10300461237102398
,,,,,0.08719647887876628
,,,,,0.07557607273271548
,,,,,0.06724375915454975
,,,,,0.12633889742425466
,,,,,0.10475752545295434
,,,,,0.08849898792077292
,,,,,0.07650609043123356
,,,,,0.06785927967770665
,,,,,0.12915132029669565
,,,,,0.10692381068085521
,,,,,0.0901321601780335
,,,,,0.07767832557766399
,,,,,0.06865837314766482
,,,,,0.1326193627531691
,,,,,0.10962531208250637
,,,,,0.09216490534138055
,,,,,0.07916228771742838
,,,,,0.06968469374663244
,,,,,0.13674943832796924
,,,,,0.11282505395948479
,,,,,0.09460216509341442
,,,,,0.0809492615281348
,,,,,0.07094526605294976
,,,,,0.14166775130127118
,,,,,0.11667518329053125
,,,,,0.09753359975277064
,,,,,0.08312842728118072
,,,,,0.07249816867182375
,,,,,0.14739773473509296
,,,,,0.12114512337034336
,,,,,0.10097483929547484
,,,,,0.08569719718060013
,,,,,0.07435815523997237
,,,,,0.06612424991309196
,,,,,0.12636032014090778
,,,,,0.10499107185596003
,,,,,0.08873213526317743
,,,,,0.07657378801392842
,,,,,0.06768385643060637
,,,,,0.13244916645661897
,,,,,0.10972794015620461
,,,,,0.09232543043033509
,,,,,0.07923428494336697
,,,,,0.06958000387100723
,,,,,0.13947240055533403
,,,,,0.11519437836118213
,,,,,0.09651905999709955
,,,,,0.08236177518182755
,,,,,0.0718453580404093
,,,,,0.06420036070873181
,,,,,0.12153462026490505
,,,,,0.10139949448207504
,,,,,0.08604793080062063
,,,,,0.07454333811165541
,,,,,0.06610992428509617
,,,,,0.12890731127442742
,,,,,0.10713333838804492
,,,,,0.09040574922145052
,,,,,0.07777957955456638
,,,,,0.06843209647141729
,,,,,0.13741238569380718
,,,,,0.11376553610509728
,,,,,0.09550486423270065
,,,,,0.08160064848134631
,,,,,0.07121937734257289
,,,,,0.06362861142310433
,,,,,0.12147227452489245
,,,,,0.10146035523347147
,,,,,0.08612196814579731
,,,,,0.07455620638342873
,,,,,0.06601797605686856
,,,,,0.13045435294502697
,,,,,0.10847364433865223
,,,,,0.0914865630179934
,,,,,0.0785742112037433
,,,,,0.06893670154831572
,,,,,0.1408593505501764
,,,,,0.11662862532251517
,,,,,0.0977973774045769
,,,,,0.08334805617446271
,,,,,0.07246211918765134
,,,,,0.06442078288375346
,,,,,0.12615082060394384
,,,,,0.10520932077666886
,,,,,0.08902839398632952
,,,,,0.07670845934481398
,,,,,0.06751176421790404
,,,,,0.13730185940162395
,,,,,0.11397756455822854
,,,,,0.09580164930145739
,,,,,0.08184626181316516
,,,,,0.07130606681356949
,,,,,0.06350934057877151
,,,,,0.1242525693137079
,,,,,0.10382896784403474
,,,,,0.08799665788716532
,,,,,0.07592228290325259
,,,,,0.06687692511934926
,,,,,0.13629959747464152
,,,,,0.11329505094592703
,,,,,0.09534105191071769
,,,,,0.08150121057804394
,,,,,0.0710195792713367
,,,,,0.06323030063085312
,,,,,0.12448589286091204
,,,,,0.1040890420212244
,,,,,0.08823940636262047
,,,,,0.07609303602879434
,,,,,0.06695786312408694
,,,,,0.13774349282158999
,,,,,0.1145616113081429
,,,,,0.09638107390797418
,,,,,0.08231791547275814
,,,,,0.07160385584503445
,,,,,0.06360002324124563
,,,,,0.12699290861685175
,,,,,0.10615758966567142
,,,,,0.08987551411026003
,,,,,0.07733965358569507
,,,,,0.067844475178767
,,,,,0.06079639044790583
,,,,,0.11784967107084089
,,,,,0.09902893542811526
,,,,,0.08437506125191714
,,,,,0.07314541306756328
,,,,,0.06468701915074136
,,,,,0.1318184715648525
,,,,,0.11005006800529393
,,,,,0.09296371633857285
,,,,,0.07970925485353775
,,,,,0.06959829546444399
,,,,,0.06202248455334783
,,,,,0.12332319456731097
,,,,,0.10340234450332367
,,,,,0.08780714879288773
,,,,,0.07575302728706312
,,,,,0.06659753734800014
,,,,,0.05977062708088445
,,,,,0.11606405841661119
,,,,,0.09773319038363472
,,,,,0.08341964561912998
,,,,,0.07239416916731588
,,,,,0.06405354784966048
,,,,,0.13141903496234864
,,,,,0.10991172187302319
,,,,,0.0929376135793172
,,,,,0.07971551672351913
,,,,,0.06956278278782789
,,,,,0.06190977527577135
,,,,,0.12472497246179153
,,,,,0.1046606645287187
,,,,,0.08885135682994177
,,,,,0.07656400610878761
,,,,,0.06715569393088416
,,,,,0.06008593104052034
,,,,,0.11901683376461229
,,,,,0.10018972324291339
,,,,,0.08537711682459621
,,,,,0.07388718126305074
,,,,,0.06511103159244727
,,,,,0.05853364027449883
,,,,,0.11416954446644584
,,,,,0.09639848080356779
,,,,,0.08243439827229002
,,,,,0.07162080627472983
,,,,,0.0633780965882002
,,,,,0.05721358088810728
,,,,,0.1100796570804333
,,,,,0.09320400662635583
,,,,,0.07995690434407784
,,,,,0.06971221585081885
,,,,,0.06191559497987044
,,,,,0.12698704570055813
,,,,,0.10665041141627091
,,,,,0.0905290417891796
,,,,,0.07788326714842872
,,,,,0.06811309854200286
,,,,,0.060686067449000035
,,,,,0.12337718928535393
,,,,,0.10382544702082619
,,,,,0.08832858019104944
,,,,,0.07617768629840625
,,,,,0.06679522063523007
,,,,,0.05966760645485674
,,,,,0.1204592619707205
,,,,,0.10154838134821399
,,,,,0.08655792387557411
,,,,,0.0748049766923898
,,,,,0.06573120294038035
,,,,,0.058839288361777826
,,,,,0.11817694221905904
,,,,,0.09977472388316856
,,,,,0.08518207589031038
,,,,,0.07373785260387634
,,,,,0.06490005620783676
,,,,,0.0581852835483363
,,,,,0.11648679848864164
,,,,,0.09847050740807844
,,,,,0.08417464149309152
,,,,,0.07295603689925881
,,,,,0.06428645285478192
,,,,,0.05769426217203951
,,,,,0.1153569529033424
,,,,,0.09761122780476644
,,,,,0.08351698022977959
,,,,,0.07244557835002961
,,,,,0.06388017551580746
,,,,,0.05735895232321817
,,,,,0.11476607356768816
,,,,,0.09718104930525441
,,,,,0.08319757593677501
,,,,,0.07219835158500829
,,,,,0.06367572197258202
,,,,,0.05717583324223173
,,,,,0.11470265355921395
,,,,,0.09717224298618435
,,,,,0.08321159981354595
,,,,,0.07221172014121015
,,,,,0.06367205050420971
,,,,,0.057144950089093455
,,,,,0.11516454638636907
,,,,,0.09758483524631398
,,,,,0.08356064836567881
,,,,,0.07248834799299403
,,,,,0.06387245353532557
,,,,,0.05726984011717871
,,,,,0.11615873770256638
,,,,,0.09842645064217398
,,,,,0.08425264373943439
,,,,,0.07303614921163003
,,,,,0.06428455082976538
,,,,,0.05755756306591949
,,,,,0.11770134191744017
,,,,,0.09971234029400503
,,,,,0.08530188916089045
,,,,,0.0738683693300954
,,,,,0.06492039655055684
,,,,,0.05801883121178094
,,,,,0.1198178205993214
,,,,,0.10146559356291016
,,,,,0.08672927721714441
,,,,,0.07500379581384509
,,,,,0.06579669743339676
,,,,,0.05866823686540046
,,,,,0.053241296638486715
,,,,,0.10372895911086018
,,,,,0.08857181580935937
,,,,,0.07647436696068996
,,,,,0.06694083167470447
,,,,,0.05952896139724276
,,,,,0.0538607051081483
,,,,,0.10653286219205912
,,,,,0.09085708110612155
,,,,,0.07830502048481751
,,,,,0.06837519714750116
,,,,,0.06062084221576091
,,,,,0.05466164148163088
,,,,,0.10992762851510235
,,,,,0.09362902023912137
,,,,,0.0805341317868914
,,,,,0.07013320281498077
,,,,,0.06197271424689474
,,,,,0.055668635087154264
,,,,,0.11397440702785709
,,,,,0.096940774754047
,,,,,0.08320793198628587
,,,,,0.07225502157975495
,,,,,0.06361927208960819
,,,,,0.056911300621679706
,,,,,0.0517795504996253
,,,,,0.10081577666098894
,,,,,0.08634923980130031
,,,,,0.07476274478291234
,,,,,0.06558161884468534
,,,,,0.05840937715621083
,,,,,0.05288833900659723
,,,,,0.10536340850318035
,,,,,0.09005039336477631
,,,,,0.0777342622212157
,,,,,0.0679252408866085
,,,,,0.060217575782572204
,,,,,0.054245817221992045
,,,,,0.11067108453807656
,,,,,0.09438689151003837
,,,,,0.08123497155941888
,,,,,0.07070680013939087
,,,,,0.06238482495909053
,,,,,0.05589382927338191
,,,,,0.050910267990201034
,,,,,0.09945768538665377
,,,,,0.08534987980297419
,,,,,0.07399940752492316
,,,,,0.06497392813397487
,,,,,0.05788597737695163
,,,,,0.052403773382105105
,,,,,0.10535980381410276
,,,,,0.0901632439814751
,,,,,0.07787649262053613
,,,,,0.06804899633607615
,,,,,0.06027804782871574
,,,,,0.05422190013037073
,,,,,0.11221633443900654
,,,,,0.09578112636438811
,,,,,0.08242979182805461
,,,,,0.0716896376564441
,,,,,0.06313909426451757
,,,,,0.05642420699771031
,,,,,0.05122449070397946
,,,,,0.1022872208676818
,,,,,0.08773363154061015
,,,,,0.075962370725717
,,,,,0.06652887324204018
,,,,,0.05906425314946111
,,,,,0.05323531812293147
,,,,,0.1098586910933507
,,,,,0.09393878610327162
,,,,,0.08099593324659304
,,,,,0.07055755350389468
,,,,,0.062236345397438594
,,,,,0.055683662474526524
,,,,,0.050599396369754225
,,,,,0.10120252724002467
,,,,,0.08692571095261208
,,,,,0.07534219063608927
,,,,,0.06604202522668556
,,,,,0.05865748062462264
,,,,,0.05287549544781814
,,,,,0.1096902788837659
,,,,,0.09389475064720518
,,,,,0.08100721795767746
,,,,,0.07059019486764871
,,,,,0.06225230824945173
,,,,,0.055664797032793534
,,,,,0.05052934634692732
,,,,,0.10203896155801105
,,,,,0.08767200195518071
,,,,,0.0759866773156094
,,,,,0.06656259630681416
,,,,,0.05905173842430533
,,,,,0.0531393703010193
,,,,,0.0485527439864028
,,,,,0.09554813554836666
,,,,,0.08241284270920358
,,,,,0.07174451896567526
,,,,,0.06317125074967236
,,,,,0.056358088194048625
,,,,,0.0510180765382919
,,,,,0.10484114491217172
,,,,,0.09004668488621403
,,,,,0.0779533264005773
,,,,,0.06815971692437751
,,,,,0.06030565719513117
,,,,,0.054087113755994336
,,,,,0.049227519065093574
,,,,,0.09906731649980315
,,,,,0.08534603752150785
,,,,,0.07415619029773601
,,,,,0.06510615616046259
,,,,,0.05787081919488952
,,,,,0.05215549033553183
,,,,,0.0477043524738087
,,,,,0.09417458585420124
,,,,,0.08137776278447509
,,,,,0.0709478158311818
,,,,,0.0625332057305175
,,,,,0.05581675000233518
,,,,,0.05052671687417683
,,,,,0.10469828569513018
,,,,,0.09004918565390002
,,,,,0.07802700071510649
,,,,,0.06824729589415356
,,,,,0.06036444054222723
,,,,,0.05408734015892116
,,,,,0.04915090799745342
,,,,,0.10040586079263646
,,,,,0.08654962131059066
,,,,,0.07519516452535178
,,,,,0.0659610242920463
,,,,,0.05853183729619473
,,,,,0.05262168828078247
,,,,,0.04798313500436101
,,,,,0.09682895793418361
,,,,,0.08364743063496037
,,,,,0.07284201465394075
,,,,,0.06406659996742699
,,,,,0.057008866340314455
,,,,,0.0514029604480899
,,,,,0.04700608619720592
,,,,,0.09386033111547128
,,,,,0.08123281566680286
,,,,,0.0708921609279581
,,,,,0.062492289381016905
,,,,,0.05574435263232499
,,,,,0.05038550588475597
,,,,,0.046186827587072446
,,,,,0.09146529253022158
,,,,,0.0792968526515292
,,,,,0.06932453058200981
,,,,,0.06123000956160165
,,,,,0.05472512892556245
,,,,,0.04956286940963545
,,,,,0.04551725064783786
,,,,,0.08956797061726106
,,,,,0.07775908733278944
,,,,,0.06808612138725471
,,,,,0.06022818857034419
,,,,,0.05391579516183208
,,,,,0.048903075075049186
,,,,,0.10211150643586969
,,,,,0.08814752234398518
,,,,,0.0766199664998995
,,,,,0.06716565320495767
,,,,,0.059486057328860885
,,,,,0.053310286704053765
,,,,,0.04840522388081483
,,,,,0.1009086619193048
,,,,,0.08719559004038716
,,,,,0.0758568793371681
,,,,,0.0665565421423157
,,,,,0.05899089105992711
,,,,,0.05290412999466161
,,,,,0.04806249770958584
,,,,,0.10020321909982696
,,,,,0.08664355300854469
,,,,,0.07542997596218977
,,,,,0.06621597783701373
,,,,,0.05871627170748395
,,,,,0.05267158425459881
,,,,,0.04785857373598922
,,,,,0.10001288364470456
,,,,,0.08652937572671489
,,,,,0.07535616016059431
,,,,,0.06616948704433838
,,,,,0.05867628623704454
,,,,,0.05262976616485737
,,,,,0.04780418443103135
,,,,,0.04400188402832084
,,,,,0.08680942747344134
,,,,,0.07561601019514816
,,,,,0.0663916934078102
,,,,,0.058858820471783486
,,,,,0.052764866863733356
,,,,,0.04789268880996962
,,,,,0.044042916790814735
,,,,,0.08749346619072024
,,,,,0.07620373132690222
,,,,,0.06688989570584028
,,,,,0.059263627499160816
,,,,,0.053082924278827597
,,,,,0.04812638217244096
,,,,,0.04420050898667699
,,,,,0.0886176417069231
,,,,,0.07716647507041217
,,,,,0.067693593786977
,,,,,0.05992379881118044
,,,,,0.05360676025253466
,,,,,0.04852822052949676
,,,,,0.04449131426540136
,,,,,0.09017766132371437
,,,,,0.07848674632483783
,,,,,0.06880142210564157
,,,,,0.06083220667238987
,,,,,0.05433765075073007
,,,,,0.049096988655711264
,,,,,0.044918155745430906
,,,,,0.09222727945763169
,,,,,0.08022786918011318
,,,,,0.0702561474451197
,,,,,0.06203399241457676
,,,,,0.055308419324602155
,,,,,0.04986458108358034
,,,,,0.04550510832736955
,,,,,0.09477682373980541
,,,,,0.08238360225341705
,,,,,0.07206719438478201
,,,,,0.06353063362772811
,,,,,0.05652843858510459
,,,,,0.05083642901666747
,,,,,0.04626111392589869
,,,,,0.042624306092476506
,,,,,0.08501037031768603
,,,,,0.07427093753357632
,,,,,0.0653637243167418
,,,,,0.058027656904028335
,,,,,0.0520434150424169
,,,,,0.04720980291623746
,,,,,0.04335091619042055
,,,,,0.0881748894596432
,,,,,0.07693974184009955
,,,,,0.06758605625914021
,,,,,0.05985906181986164
,,,,,0.053526361858407936
,,,,,0.04838972493852594
,,,,,0.044266624753583526
,,,,,0.09191373905880267
,,,,,0.08009212219646876
,,,,,0.07022691983421503
,,,,,0.06204230322820775
,,,,,0.05530965774304339
,,,,,0.0498197281656624
,,,,,0.045391595067436494
,,,,,0.04185835436143917
,,,,,0.08380490996448266
,,,,,0.07334169489826287
,,,,,0.06463487564403941
,,,,,0.05743777908873339
,,,,,0.0515431783214688
,,,,,0.04676068335380271
,,,,,0.042923871046180936
,,,,,0.08817000487539425
,,,,,0.07702403425425845
,,,,,0.06770881466919179
,,,,,0.05998041444465956
,,,,,0.053615921635762134
,,,,,0.048425681076993236
,,,,,0.04423487894183271
,,,,,0.04088948498758207
,,,,,0.08132410939879513
,,,,,0.07132064329587713
,,,,,0.06298094930223541
,,,,,0.05608303202918176
,,,,,0.050423521048738956
,,,,,0.045827400463176765
,,,,,0.042132991210366746
,,,,,0.08633505271867249
,,,,,0.07554033401179108
,,,,,0.06651051884268462
,,,,,0.05900146709174665
,,,,,0.05280946427606894
,,,,,0.04774735125781596
,,,,,0.04365248045621754
,,,,,0.0403744602128911
,,,,,0.0804735903539186
,,,,,0.0706519556591344
,,,,,0.06245178301741042
,,,,,0.055649544410004255
,,,,,0.050056826298170175
,,,,,0.04550003877386272
,,,,,0.041827125571310235
,,,,,0.08624897792829779
,,,,,0.07552967713816992
,,,,,0.06653446234757983
,,,,,0.05903817080682918
,,,,,0.052834436695286945
,,,,,0.04774769623249434
,,,,,0.04361580232402495
,,,,,0.04029586045992241
,,,,,0.08123465735765431
,,,,,0.07134111356387579
,,,,,0.06305027973670298
,,,,,0.05615307012295865
,,,,,0.05045753349446951
,,,,,0.04579901719296536
,,,,,0.04202516022100002
,,,,,0.08790441327249451
,,,,,0.07698110484753551
,,,,,0.06779172418976348
,,,,,0.06010077744380489
,,,,,0.0537128141652695
,,,,,0.048448065369879834
,,,,,0.04415122130475694
,,,,,0.0406783742451833
,,,,,0.08360784856153596
,,,,,0.07338717025580965
,,,,,0.06479554773501947
,,,,,0.05761292035002785
,,,,,0.051655422998794887
,,,,,0.046753623654240295
,,,,,0.042760258061935084
,,,,,0.039538763082537405
,,,,,0.07999043527329834
,,,,,0.07036415086108838
,,,,,0.06227732109016618
,,,,,0.05552293344696609
,,,,,0.049926993173410913
,,,,,0.04532887903302606
,,,,,0.041588291713202614
,,,,,0.03857507601593875
,,,,,0.07696670652288357
,,,,,0.06783961454170406
,,,,,0.060175687324802
,,,,,0.05377895147968699
,,,,,0.0484838385421621
,,,,,0.0441372619883126
,,,,,0.040604971815034696
,,,,,0.0848050100949853
,,,,,0.07448758280923952
,,,,,0.06577196878747982
,,,,,0.05845536644645857
,,,,,0.05235108322472215
,,,,,0.047300712070862685
,,,,,0.043157585881245714
,,,,,0.039792687693110486
,,,,,0.08239389144561025
,,,,,0.07247491762592304
,,,,,0.0640953198265792
,,,,,0.05706096585135385
,,,,,0.051192988070203525
,,,,,0.046339090925865446
,,,,,0.04235810018313799
,,,,,0.039125539790353304
,,,,,0.08048457451736682
,,,,,0.07088488953265407
,,,,,0.06277287434919102
,,,,,0.05596168002463843
,,,,,0.05027899851063739
,,,,,0.045577729876303326
,,,,,0.04172138139761999
,,,,,0.038589399089096275
,,,,,0.07903657584964888
,,,,,0.06968364099258771
,,,,,0.061776401464541594
,,,,,0.055134063478408005
,,,,,0.04958976219374203
,,,,,0.04500078165712486
,,,,,0.04123458795572475
,,,,,0.03817398805878389
,,,,,0.07801962553460966
,,,,,0.06884610631160692
,,,,,0.061085241707657514
,,,,,0.05456118881716591
,,,,,0.04911152374642704
,,,,,0.04459718254777325
,,,,,0.040888935077813014
,,,,,0.0378724343412831
,,,,,0.0774126095761368
,,,,,0.0683551227059752
,,,,,0.06068555814747885
,,,,,0.054232013899891705
,,,,,0.04883558929691482
,,,,,0.04436019958827208
,,,,,0.04067931390562411
,,,,,0.037680953550170294
,,,,,0.07720279634193544
,,,,,0.06820078413067175
,,,,,0.060569796394714985
,,,,,0.05414093066299341
,,,,,0.04875795077445823
,,,,,0.04428711990043001
,,,,,0.040604037864544064
,,,,,0.037598646018002065
,,,,,0.0773853114350623
,,,,,0.0683800084423985
,,,,,0.060736329153749595
,,,,,0.05428747523234269
,,,,,0.04887905269795752
,,,,,0.044379067168353464
,,,,,0.040664703148724675
,,,,,0.03762739594250587
,,,,,0.07796283631952278
,,,,,0.06889629751323141
,,,,,0.06118926829043149
,,,,,0.054676184853182735
,,,,,0.049203688921851334
,,,,,0.04464093425959053
,,,,,0.04086615362958449
,,,,,0.037771864541836
,,,,,0.07894551554801944
,,,,,0.06975967777638764
,,,,,0.061938433822144964
,,,,,0.05531659238612937
,,,,,0.04974102104112838
,,,,,0.045081424472514744
,,,,,0.041216543504265575
,,,,,0.038039571564916566
,,,,,0.08035106601367957
,,,,,0.07098681586746683
,,,,,0.06299947519966917
,,,,,0.05622335403719665
,,,,,0.050504714196032835
,,,,,0.045713197212852275
,,,,,0.041727493768066067
,,,,,0.03844106190342152
,,,,,0.03575440271875956
,,,,,0.07258230104454239
,,,,,0.06437793762665878
,,,,,0.05740275970593421
,,,,,0.05150159500444233
,,,,,0.046543408297944205
,,,,,0.042406276831673625
,,,,,0.038983515648325105
,,,,,0.036175420639949794
,,,,,0.07459445580518734
,,,,,0.06611680422964125
,,,,,0.058893028119717396
,,,,,0.05276559599395421
,,,,,0.04760210925636743
,,,,,0.04327939295593639
,,,,,0.03969016050817173
,,,,,0.0367341044906869
,,,,,0.07706183161984073
,,,,,0.0682510374101153
,,,,,0.06072590057380866
,,,,,0.05432553141212575
,,,,,0.04891542433690443
,,,,,0.04437044714461562
,,,,,0.04058220637764082
,,,,,0.03744935445720328
,,,,,0.03488157675648545
,,,,,0.07082827663534844
,,,,,0.06294421144061209
,,,,,0.0562199295447979
,,,,,0.05051799582328628
,,,,,0.04571052304753758
,,,,,0.04168743605323262
,,,,,0.038345845345502894
,,,,,0.03559440510123347
